system:index,date,latitude,longitude,merra2,.geo
A20230101_0000,2023-01-01,22.312625519457146,77.96066166777419,,"{""type"":""MultiPoint"",""coordinates"":[]}"
A20230101_0300,2023-01-01,22.312625519457146,77.96066166777419,,"{""type"":""MultiPoint"",""coordinates"":[]}"
A20230101_0600,2023-01-01,22.312625519457146,77.96066166777419,,"{""type"":""MultiPoint"",""coordinates"":[]}"
A20230101_0900,2023-01-01,22.312625519457146,77.96066166777419,,"{""type"":""MultiPoint"",""coordinates"":[]}"
A20230101_1200,2023-01-01,22.312625519457146,77.96066166777419,,"{""type"":""MultiPoint"",""coordinates"":[]}"
A20230101_1500,2023-01-01,22.312625519457146,77.96066166777419,,"{""type"":""MultiPoint"",""coordinates"":[]}"
A20230101_1800,2023-01-01,22.312625519457146,77.96066166777419,,"{""type"":""MultiPoint"",""coordinates"":[]}"
A20230101_2100,2023-01-01,22.312625519457146,77.96066166777419,,"{""type"":""MultiPoint"",""coordinates"":[]}"
A20230102_0000,2023-01-02,22.312625519457146,77.96066166777419,,"{""type"":""MultiPoint"",""coordinates"":[]}"
A20230102_0300,2023-01-02,22.312625519457146,77.96066166777419,,"{""type"":""MultiPoint"",""coordinates"":[]}"
A20230102_0600,2023-01-02,22.312625519457146,77.96066166777419,,"{""type"":""MultiPoint"",""coordinates"":[]}"
A20230102_0900,2023-01-02,22.312625519457146,77.96066166777419,,"{""type"":""MultiPoint"",""coordinates"":[]}"
A20230102_1200,2023-01-02,22.312625519457146,77.96066166777419,,"{""type"":""MultiPoint"",""coordinates"":[]}"
A20230102_1500,2023-01-02,22.312625519457146,77.96066166777419,,"{""type"":""MultiPoint"",""coordinates"":[]}"
A20230102_1800,2023-01-02,22.312625519457146,77.96066166777419,,"{""type"":""MultiPoint"",""coordinates"":[]}"
A20230102_2100,2023-01-02,22.312625519457146,77.96066166777419,,"{""type"":""MultiPoint"",""coordinates"":[]}"
A20230103_0000,2023-01-03,22.312625519457146,77.96066166777419,,"{""type"":""MultiPoint"",""coordinates"":[]}"
A20230103_0300,2023-01-03,22.312625519457146,77.96066166777419,,"{""type"":""MultiPoint"",""coordinates"":[]}"
A20230103_0600,2023-01-03,22.312625519457146,77.96066166777419,,"{""type"":""MultiPoint"",""coordinates"":[]}"
A20230103_0900,2023-01-03,22.312625519457146,77.96066166777419,,"{""type"":""MultiPoint"",""coordinates"":[]}"
A20230103_1200,2023-01-03,22.312625519457146,77.96066166777419,,"{""type"":""MultiPoint"",""coordinates"":[]}"
A20230103_1500,2023-01-03,22.312625519457146,77.96066166777419,,"{""type"":""MultiPoint"",""coordinates"":[]}"
A20230103_1800,2023-01-03,22.312625519457146,77.96066166777419,,"{""type"":""MultiPoint"",""coordinates"":[]}"
A20230103_2100,2023-01-03,22.312625519457146,77.96066166777419,,"{""type"":""MultiPoint"",""coordinates"":[]}"
A20230104_0000,2023-01-04,22.312625519457146,77.96066166777419,,"{""type"":""MultiPoint"",""coordinates"":[]}"
A20230104_0300,2023-01-04,22.312625519457146,77.96066166777419,,"{""type"":""MultiPoint"",""coordinates"":[]}"
A20230104_0600,2023-01-04,22.312625519457146,77.96066166777419,,"{""type"":""MultiPoint"",""coordinates"":[]}"
A20230104_0900,2023-01-04,22.312625519457146,77.96066166777419,,"{""type"":""MultiPoint"",""coordinates"":[]}"
A20230104_1200,2023-01-04,22.312625519457146,77.96066166777419,,"{""type"":""MultiPoint"",""coordinates"":[]}"
A20230104_1500,2023-01-04,22.312625519457146,77.96066166777419,,"{""type"":""MultiPoint"",""coordinates"":[]}"
A20230104_1800,2023-01-04,22.312625519457146,77.96066166777419,,"{""type"":""MultiPoint"",""coordinates"":[]}"
A20230104_2100,2023-01-04,22.312625519457146,77.96066166777419,,"{""type"":""MultiPoint"",""coordinates"":[]}"
A20230105_0000,2023-01-05,22.312625519457146,77.96066166777419,,"{""type"":""MultiPoint"",""coordinates"":[]}"
A20230105_0300,2023-01-05,22.312625519457146,77.96066166777419,,"{""type"":""MultiPoint"",""coordinates"":[]}"
A20230105_0600,2023-01-05,22.312625519457146,77.96066166777419,,"{""type"":""MultiPoint"",""coordinates"":[]}"
A20230105_0900,2023-01-05,22.312625519457146,77.96066166777419,,"{""type"":""MultiPoint"",""coordinates"":[]}"
A20230105_1200,2023-01-05,22.312625519457146,77.96066166777419,,"{""type"":""MultiPoint"",""coordinates"":[]}"
A20230105_1500,2023-01-05,22.312625519457146,77.96066166777419,,"{""type"":""MultiPoint"",""coordinates"":[]}"
A20230105_1800,2023-01-05,22.312625519457146,77.96066166777419,,"{""type"":""MultiPoint"",""coordinates"":[]}"
A20230105_2100,2023-01-05,22.312625519457146,77.96066166777419,,"{""type"":""MultiPoint"",""coordinates"":[]}"
A20230106_0000,2023-01-06,22.312625519457146,77.96066166777419,,"{""type"":""MultiPoint"",""coordinates"":[]}"
A20230106_0300,2023-01-06,22.312625519457146,77.96066166777419,,"{""type"":""MultiPoint"",""coordinates"":[]}"
A20230106_0600,2023-01-06,22.312625519457146,77.96066166777419,,"{""type"":""MultiPoint"",""coordinates"":[]}"
A20230106_0900,2023-01-06,22.312625519457146,77.96066166777419,,"{""type"":""MultiPoint"",""coordinates"":[]}"
A20230106_1200,2023-01-06,22.312625519457146,77.96066166777419,,"{""type"":""MultiPoint"",""coordinates"":[]}"
A20230106_1500,2023-01-06,22.312625519457146,77.96066166777419,,"{""type"":""MultiPoint"",""coordinates"":[]}"
A20230106_1800,2023-01-06,22.312625519457146,77.96066166777419,,"{""type"":""MultiPoint"",""coordinates"":[]}"
A20230106_2100,2023-01-06,22.312625519457146,77.96066166777419,,"{""type"":""MultiPoint"",""coordinates"":[]}"
A20230107_0000,2023-01-07,22.312625519457146,77.96066166777419,,"{""type"":""MultiPoint"",""coordinates"":[]}"
A20230107_0300,2023-01-07,22.312625519457146,77.96066166777419,,"{""type"":""MultiPoint"",""coordinates"":[]}"
A20230107_0600,2023-01-07,22.312625519457146,77.96066166777419,,"{""type"":""MultiPoint"",""coordinates"":[]}"
A20230107_0900,2023-01-07,22.312625519457146,77.96066166777419,,"{""type"":""MultiPoint"",""coordinates"":[]}"
A20230107_1200,2023-01-07,22.312625519457146,77.96066166777419,,"{""type"":""MultiPoint"",""coordinates"":[]}"
A20230107_1500,2023-01-07,22.312625519457146,77.96066166777419,,"{""type"":""MultiPoint"",""coordinates"":[]}"
A20230107_1800,2023-01-07,22.312625519457146,77.96066166777419,,"{""type"":""MultiPoint"",""coordinates"":[]}"
A20230107_2100,2023-01-07,22.312625519457146,77.96066166777419,,"{""type"":""MultiPoint"",""coordinates"":[]}"
A20230108_0000,2023-01-08,22.312625519457146,77.96066166777419,,"{""type"":""MultiPoint"",""coordinates"":[]}"
A20230108_0300,2023-01-08,22.312625519457146,77.96066166777419,,"{""type"":""MultiPoint"",""coordinates"":[]}"
A20230108_0600,2023-01-08,22.312625519457146,77.96066166777419,,"{""type"":""MultiPoint"",""coordinates"":[]}"
A20230108_0900,2023-01-08,22.312625519457146,77.96066166777419,,"{""type"":""MultiPoint"",""coordinates"":[]}"
A20230108_1200,2023-01-08,22.312625519457146,77.96066166777419,,"{""type"":""MultiPoint"",""coordinates"":[]}"
A20230108_1500,2023-01-08,22.312625519457146,77.96066166777419,,"{""type"":""MultiPoint"",""coordinates"":[]}"
A20230108_1800,2023-01-08,22.312625519457146,77.96066166777419,,"{""type"":""MultiPoint"",""coordinates"":[]}"
A20230108_2100,2023-01-08,22.312625519457146,77.96066166777419,,"{""type"":""MultiPoint"",""coordinates"":[]}"
A20230109_0000,2023-01-09,22.312625519457146,77.96066166777419,,"{""type"":""MultiPoint"",""coordinates"":[]}"
A20230109_0300,2023-01-09,22.312625519457146,77.96066166777419,,"{""type"":""MultiPoint"",""coordinates"":[]}"
A20230109_0600,2023-01-09,22.312625519457146,77.96066166777419,,"{""type"":""MultiPoint"",""coordinates"":[]}"
A20230109_0900,2023-01-09,22.312625519457146,77.96066166777419,,"{""type"":""MultiPoint"",""coordinates"":[]}"
A20230109_1200,2023-01-09,22.312625519457146,77.96066166777419,,"{""type"":""MultiPoint"",""coordinates"":[]}"
A20230109_1500,2023-01-09,22.312625519457146,77.96066166777419,,"{""type"":""MultiPoint"",""coordinates"":[]}"
A20230109_1800,2023-01-09,22.312625519457146,77.96066166777419,,"{""type"":""MultiPoint"",""coordinates"":[]}"
A20230109_2100,2023-01-09,22.312625519457146,77.96066166777419,,"{""type"":""MultiPoint"",""coordinates"":[]}"
A20230110_0000,2023-01-10,22.312625519457146,77.96066166777419,,"{""type"":""MultiPoint"",""coordinates"":[]}"
A20230110_0300,2023-01-10,22.312625519457146,77.96066166777419,,"{""type"":""MultiPoint"",""coordinates"":[]}"
A20230110_0600,2023-01-10,22.312625519457146,77.96066166777419,,"{""type"":""MultiPoint"",""coordinates"":[]}"
A20230110_0900,2023-01-10,22.312625519457146,77.96066166777419,,"{""type"":""MultiPoint"",""coordinates"":[]}"
A20230110_1200,2023-01-10,22.312625519457146,77.96066166777419,,"{""type"":""MultiPoint"",""coordinates"":[]}"
A20230110_1500,2023-01-10,22.312625519457146,77.96066166777419,,"{""type"":""MultiPoint"",""coordinates"":[]}"
A20230110_1800,2023-01-10,22.312625519457146,77.96066166777419,,"{""type"":""MultiPoint"",""coordinates"":[]}"
A20230110_2100,2023-01-10,22.312625519457146,77.96066166777419,,"{""type"":""MultiPoint"",""coordinates"":[]}"
A20230111_0000,2023-01-11,22.312625519457146,77.96066166777419,,"{""type"":""MultiPoint"",""coordinates"":[]}"
A20230111_0300,2023-01-11,22.312625519457146,77.96066166777419,,"{""type"":""MultiPoint"",""coordinates"":[]}"
A20230111_0600,2023-01-11,22.312625519457146,77.96066166777419,,"{""type"":""MultiPoint"",""coordinates"":[]}"
A20230111_0900,2023-01-11,22.312625519457146,77.96066166777419,,"{""type"":""MultiPoint"",""coordinates"":[]}"
A20230111_1200,2023-01-11,22.312625519457146,77.96066166777419,,"{""type"":""MultiPoint"",""coordinates"":[]}"
A20230111_1500,2023-01-11,22.312625519457146,77.96066166777419,,"{""type"":""MultiPoint"",""coordinates"":[]}"
A20230111_1800,2023-01-11,22.312625519457146,77.96066166777419,,"{""type"":""MultiPoint"",""coordinates"":[]}"
A20230111_2100,2023-01-11,22.312625519457146,77.96066166777419,,"{""type"":""MultiPoint"",""coordinates"":[]}"
A20230112_0000,2023-01-12,22.312625519457146,77.96066166777419,,"{""type"":""MultiPoint"",""coordinates"":[]}"
A20230112_0300,2023-01-12,22.312625519457146,77.96066166777419,,"{""type"":""MultiPoint"",""coordinates"":[]}"
A20230112_0600,2023-01-12,22.312625519457146,77.96066166777419,,"{""type"":""MultiPoint"",""coordinates"":[]}"
A20230112_0900,2023-01-12,22.312625519457146,77.96066166777419,,"{""type"":""MultiPoint"",""coordinates"":[]}"
A20230112_1200,2023-01-12,22.312625519457146,77.96066166777419,,"{""type"":""MultiPoint"",""coordinates"":[]}"
A20230112_1500,2023-01-12,22.312625519457146,77.96066166777419,,"{""type"":""MultiPoint"",""coordinates"":[]}"
A20230112_1800,2023-01-12,22.312625519457146,77.96066166777419,,"{""type"":""MultiPoint"",""coordinates"":[]}"
A20230112_2100,2023-01-12,22.312625519457146,77.96066166777419,,"{""type"":""MultiPoint"",""coordinates"":[]}"
A20230113_0000,2023-01-13,22.312625519457146,77.96066166777419,,"{""type"":""MultiPoint"",""coordinates"":[]}"
A20230113_0300,2023-01-13,22.312625519457146,77.96066166777419,,"{""type"":""MultiPoint"",""coordinates"":[]}"
A20230113_0600,2023-01-13,22.312625519457146,77.96066166777419,,"{""type"":""MultiPoint"",""coordinates"":[]}"
A20230113_0900,2023-01-13,22.312625519457146,77.96066166777419,,"{""type"":""MultiPoint"",""coordinates"":[]}"
A20230113_1200,2023-01-13,22.312625519457146,77.96066166777419,,"{""type"":""MultiPoint"",""coordinates"":[]}"
A20230113_1500,2023-01-13,22.312625519457146,77.96066166777419,,"{""type"":""MultiPoint"",""coordinates"":[]}"
A20230113_1800,2023-01-13,22.312625519457146,77.96066166777419,,"{""type"":""MultiPoint"",""coordinates"":[]}"
A20230113_2100,2023-01-13,22.312625519457146,77.96066166777419,,"{""type"":""MultiPoint"",""coordinates"":[]}"
A20230114_0000,2023-01-14,22.312625519457146,77.96066166777419,,"{""type"":""MultiPoint"",""coordinates"":[]}"
A20230114_0300,2023-01-14,22.312625519457146,77.96066166777419,,"{""type"":""MultiPoint"",""coordinates"":[]}"
A20230114_0600,2023-01-14,22.312625519457146,77.96066166777419,,"{""type"":""MultiPoint"",""coordinates"":[]}"
A20230114_0900,2023-01-14,22.312625519457146,77.96066166777419,,"{""type"":""MultiPoint"",""coordinates"":[]}"
A20230114_1200,2023-01-14,22.312625519457146,77.96066166777419,,"{""type"":""MultiPoint"",""coordinates"":[]}"
A20230114_1500,2023-01-14,22.312625519457146,77.96066166777419,,"{""type"":""MultiPoint"",""coordinates"":[]}"
A20230114_1800,2023-01-14,22.312625519457146,77.96066166777419,,"{""type"":""MultiPoint"",""coordinates"":[]}"
A20230114_2100,2023-01-14,22.312625519457146,77.96066166777419,,"{""type"":""MultiPoint"",""coordinates"":[]}"
A20230115_0000,2023-01-15,22.312625519457146,77.96066166777419,,"{""type"":""MultiPoint"",""coordinates"":[]}"
A20230115_0300,2023-01-15,22.312625519457146,77.96066166777419,,"{""type"":""MultiPoint"",""coordinates"":[]}"
A20230115_0600,2023-01-15,22.312625519457146,77.96066166777419,,"{""type"":""MultiPoint"",""coordinates"":[]}"
A20230115_0900,2023-01-15,22.312625519457146,77.96066166777419,,"{""type"":""MultiPoint"",""coordinates"":[]}"
A20230115_1200,2023-01-15,22.312625519457146,77.96066166777419,,"{""type"":""MultiPoint"",""coordinates"":[]}"
A20230115_1500,2023-01-15,22.312625519457146,77.96066166777419,,"{""type"":""MultiPoint"",""coordinates"":[]}"
A20230115_1800,2023-01-15,22.312625519457146,77.96066166777419,,"{""type"":""MultiPoint"",""coordinates"":[]}"
A20230115_2100,2023-01-15,22.312625519457146,77.96066166777419,,"{""type"":""MultiPoint"",""coordinates"":[]}"
A20230116_0000,2023-01-16,22.312625519457146,77.96066166777419,,"{""type"":""MultiPoint"",""coordinates"":[]}"
A20230116_0300,2023-01-16,22.312625519457146,77.96066166777419,,"{""type"":""MultiPoint"",""coordinates"":[]}"
A20230116_0600,2023-01-16,22.312625519457146,77.96066166777419,,"{""type"":""MultiPoint"",""coordinates"":[]}"
A20230116_0900,2023-01-16,22.312625519457146,77.96066166777419,,"{""type"":""MultiPoint"",""coordinates"":[]}"
A20230116_1200,2023-01-16,22.312625519457146,77.96066166777419,,"{""type"":""MultiPoint"",""coordinates"":[]}"
A20230116_1500,2023-01-16,22.312625519457146,77.96066166777419,,"{""type"":""MultiPoint"",""coordinates"":[]}"
A20230116_1800,2023-01-16,22.312625519457146,77.96066166777419,,"{""type"":""MultiPoint"",""coordinates"":[]}"
A20230116_2100,2023-01-16,22.312625519457146,77.96066166777419,,"{""type"":""MultiPoint"",""coordinates"":[]}"
A20230117_0000,2023-01-17,22.312625519457146,77.96066166777419,,"{""type"":""MultiPoint"",""coordinates"":[]}"
A20230117_0300,2023-01-17,22.312625519457146,77.96066166777419,,"{""type"":""MultiPoint"",""coordinates"":[]}"
A20230117_0600,2023-01-17,22.312625519457146,77.96066166777419,,"{""type"":""MultiPoint"",""coordinates"":[]}"
A20230117_0900,2023-01-17,22.312625519457146,77.96066166777419,,"{""type"":""MultiPoint"",""coordinates"":[]}"
A20230117_1200,2023-01-17,22.312625519457146,77.96066166777419,,"{""type"":""MultiPoint"",""coordinates"":[]}"
A20230117_1500,2023-01-17,22.312625519457146,77.96066166777419,,"{""type"":""MultiPoint"",""coordinates"":[]}"
A20230117_1800,2023-01-17,22.312625519457146,77.96066166777419,,"{""type"":""MultiPoint"",""coordinates"":[]}"
A20230117_2100,2023-01-17,22.312625519457146,77.96066166777419,,"{""type"":""MultiPoint"",""coordinates"":[]}"
A20230118_0000,2023-01-18,22.312625519457146,77.96066166777419,,"{""type"":""MultiPoint"",""coordinates"":[]}"
A20230118_0300,2023-01-18,22.312625519457146,77.96066166777419,,"{""type"":""MultiPoint"",""coordinates"":[]}"
A20230118_0600,2023-01-18,22.312625519457146,77.96066166777419,,"{""type"":""MultiPoint"",""coordinates"":[]}"
A20230118_0900,2023-01-18,22.312625519457146,77.96066166777419,,"{""type"":""MultiPoint"",""coordinates"":[]}"
A20230118_1200,2023-01-18,22.312625519457146,77.96066166777419,,"{""type"":""MultiPoint"",""coordinates"":[]}"
A20230118_1500,2023-01-18,22.312625519457146,77.96066166777419,,"{""type"":""MultiPoint"",""coordinates"":[]}"
A20230118_1800,2023-01-18,22.312625519457146,77.96066166777419,,"{""type"":""MultiPoint"",""coordinates"":[]}"
A20230118_2100,2023-01-18,22.312625519457146,77.96066166777419,,"{""type"":""MultiPoint"",""coordinates"":[]}"
A20230119_0000,2023-01-19,22.312625519457146,77.96066166777419,,"{""type"":""MultiPoint"",""coordinates"":[]}"
A20230119_0300,2023-01-19,22.312625519457146,77.96066166777419,,"{""type"":""MultiPoint"",""coordinates"":[]}"
A20230119_0600,2023-01-19,22.312625519457146,77.96066166777419,,"{""type"":""MultiPoint"",""coordinates"":[]}"
A20230119_0900,2023-01-19,22.312625519457146,77.96066166777419,,"{""type"":""MultiPoint"",""coordinates"":[]}"
A20230119_1200,2023-01-19,22.312625519457146,77.96066166777419,,"{""type"":""MultiPoint"",""coordinates"":[]}"
A20230119_1500,2023-01-19,22.312625519457146,77.96066166777419,,"{""type"":""MultiPoint"",""coordinates"":[]}"
A20230119_1800,2023-01-19,22.312625519457146,77.96066166777419,,"{""type"":""MultiPoint"",""coordinates"":[]}"
A20230119_2100,2023-01-19,22.312625519457146,77.96066166777419,,"{""type"":""MultiPoint"",""coordinates"":[]}"
A20230120_0000,2023-01-20,22.312625519457146,77.96066166777419,,"{""type"":""MultiPoint"",""coordinates"":[]}"
A20230120_0300,2023-01-20,22.312625519457146,77.96066166777419,,"{""type"":""MultiPoint"",""coordinates"":[]}"
A20230120_0600,2023-01-20,22.312625519457146,77.96066166777419,,"{""type"":""MultiPoint"",""coordinates"":[]}"
A20230120_0900,2023-01-20,22.312625519457146,77.96066166777419,,"{""type"":""MultiPoint"",""coordinates"":[]}"
A20230120_1200,2023-01-20,22.312625519457146,77.96066166777419,,"{""type"":""MultiPoint"",""coordinates"":[]}"
A20230120_1500,2023-01-20,22.312625519457146,77.96066166777419,,"{""type"":""MultiPoint"",""coordinates"":[]}"
A20230120_1800,2023-01-20,22.312625519457146,77.96066166777419,,"{""type"":""MultiPoint"",""coordinates"":[]}"
A20230120_2100,2023-01-20,22.312625519457146,77.96066166777419,,"{""type"":""MultiPoint"",""coordinates"":[]}"
A20230121_0000,2023-01-21,22.312625519457146,77.96066166777419,,"{""type"":""MultiPoint"",""coordinates"":[]}"
A20230121_0300,2023-01-21,22.312625519457146,77.96066166777419,,"{""type"":""MultiPoint"",""coordinates"":[]}"
A20230121_0600,2023-01-21,22.312625519457146,77.96066166777419,,"{""type"":""MultiPoint"",""coordinates"":[]}"
A20230121_0900,2023-01-21,22.312625519457146,77.96066166777419,,"{""type"":""MultiPoint"",""coordinates"":[]}"
A20230121_1200,2023-01-21,22.312625519457146,77.96066166777419,,"{""type"":""MultiPoint"",""coordinates"":[]}"
A20230121_1500,2023-01-21,22.312625519457146,77.96066166777419,,"{""type"":""MultiPoint"",""coordinates"":[]}"
A20230121_1800,2023-01-21,22.312625519457146,77.96066166777419,,"{""type"":""MultiPoint"",""coordinates"":[]}"
A20230121_2100,2023-01-21,22.312625519457146,77.96066166777419,,"{""type"":""MultiPoint"",""coordinates"":[]}"
A20230122_0000,2023-01-22,22.312625519457146,77.96066166777419,,"{""type"":""MultiPoint"",""coordinates"":[]}"
A20230122_0300,2023-01-22,22.312625519457146,77.96066166777419,,"{""type"":""MultiPoint"",""coordinates"":[]}"
A20230122_0600,2023-01-22,22.312625519457146,77.96066166777419,,"{""type"":""MultiPoint"",""coordinates"":[]}"
A20230122_0900,2023-01-22,22.312625519457146,77.96066166777419,,"{""type"":""MultiPoint"",""coordinates"":[]}"
A20230122_1200,2023-01-22,22.312625519457146,77.96066166777419,,"{""type"":""MultiPoint"",""coordinates"":[]}"
A20230122_1500,2023-01-22,22.312625519457146,77.96066166777419,,"{""type"":""MultiPoint"",""coordinates"":[]}"
A20230122_1800,2023-01-22,22.312625519457146,77.96066166777419,,"{""type"":""MultiPoint"",""coordinates"":[]}"
A20230122_2100,2023-01-22,22.312625519457146,77.96066166777419,,"{""type"":""MultiPoint"",""coordinates"":[]}"
A20230123_0000,2023-01-23,22.312625519457146,77.96066166777419,,"{""type"":""MultiPoint"",""coordinates"":[]}"
A20230123_0300,2023-01-23,22.312625519457146,77.96066166777419,,"{""type"":""MultiPoint"",""coordinates"":[]}"
A20230123_0600,2023-01-23,22.312625519457146,77.96066166777419,,"{""type"":""MultiPoint"",""coordinates"":[]}"
A20230123_0900,2023-01-23,22.312625519457146,77.96066166777419,,"{""type"":""MultiPoint"",""coordinates"":[]}"
A20230123_1200,2023-01-23,22.312625519457146,77.96066166777419,,"{""type"":""MultiPoint"",""coordinates"":[]}"
A20230123_1500,2023-01-23,22.312625519457146,77.96066166777419,,"{""type"":""MultiPoint"",""coordinates"":[]}"
A20230123_1800,2023-01-23,22.312625519457146,77.96066166777419,,"{""type"":""MultiPoint"",""coordinates"":[]}"
A20230123_2100,2023-01-23,22.312625519457146,77.96066166777419,,"{""type"":""MultiPoint"",""coordinates"":[]}"
A20230124_0000,2023-01-24,22.312625519457146,77.96066166777419,,"{""type"":""MultiPoint"",""coordinates"":[]}"
A20230124_0300,2023-01-24,22.312625519457146,77.96066166777419,,"{""type"":""MultiPoint"",""coordinates"":[]}"
A20230124_0600,2023-01-24,22.312625519457146,77.96066166777419,,"{""type"":""MultiPoint"",""coordinates"":[]}"
A20230124_0900,2023-01-24,22.312625519457146,77.96066166777419,,"{""type"":""MultiPoint"",""coordinates"":[]}"
A20230124_1200,2023-01-24,22.312625519457146,77.96066166777419,,"{""type"":""MultiPoint"",""coordinates"":[]}"
A20230124_1500,2023-01-24,22.312625519457146,77.96066166777419,,"{""type"":""MultiPoint"",""coordinates"":[]}"
A20230124_1800,2023-01-24,22.312625519457146,77.96066166777419,,"{""type"":""MultiPoint"",""coordinates"":[]}"
A20230124_2100,2023-01-24,22.312625519457146,77.96066166777419,,"{""type"":""MultiPoint"",""coordinates"":[]}"
A20230125_0000,2023-01-25,22.312625519457146,77.96066166777419,,"{""type"":""MultiPoint"",""coordinates"":[]}"
A20230125_0300,2023-01-25,22.312625519457146,77.96066166777419,,"{""type"":""MultiPoint"",""coordinates"":[]}"
A20230125_0600,2023-01-25,22.312625519457146,77.96066166777419,,"{""type"":""MultiPoint"",""coordinates"":[]}"
A20230125_0900,2023-01-25,22.312625519457146,77.96066166777419,,"{""type"":""MultiPoint"",""coordinates"":[]}"
A20230125_1200,2023-01-25,22.312625519457146,77.96066166777419,,"{""type"":""MultiPoint"",""coordinates"":[]}"
A20230125_1500,2023-01-25,22.312625519457146,77.96066166777419,,"{""type"":""MultiPoint"",""coordinates"":[]}"
A20230125_1800,2023-01-25,22.312625519457146,77.96066166777419,,"{""type"":""MultiPoint"",""coordinates"":[]}"
A20230125_2100,2023-01-25,22.312625519457146,77.96066166777419,,"{""type"":""MultiPoint"",""coordinates"":[]}"
A20230126_0000,2023-01-26,22.312625519457146,77.96066166777419,,"{""type"":""MultiPoint"",""coordinates"":[]}"
A20230126_0300,2023-01-26,22.312625519457146,77.96066166777419,,"{""type"":""MultiPoint"",""coordinates"":[]}"
A20230126_0600,2023-01-26,22.312625519457146,77.96066166777419,,"{""type"":""MultiPoint"",""coordinates"":[]}"
A20230126_0900,2023-01-26,22.312625519457146,77.96066166777419,,"{""type"":""MultiPoint"",""coordinates"":[]}"
A20230126_1200,2023-01-26,22.312625519457146,77.96066166777419,,"{""type"":""MultiPoint"",""coordinates"":[]}"
A20230126_1500,2023-01-26,22.312625519457146,77.96066166777419,,"{""type"":""MultiPoint"",""coordinates"":[]}"
A20230126_1800,2023-01-26,22.312625519457146,77.96066166777419,,"{""type"":""MultiPoint"",""coordinates"":[]}"
A20230126_2100,2023-01-26,22.312625519457146,77.96066166777419,,"{""type"":""MultiPoint"",""coordinates"":[]}"
A20230127_0000,2023-01-27,22.312625519457146,77.96066166777419,,"{""type"":""MultiPoint"",""coordinates"":[]}"
A20230127_0300,2023-01-27,22.312625519457146,77.96066166777419,,"{""type"":""MultiPoint"",""coordinates"":[]}"
A20230127_0600,2023-01-27,22.312625519457146,77.96066166777419,,"{""type"":""MultiPoint"",""coordinates"":[]}"
A20230127_0900,2023-01-27,22.312625519457146,77.96066166777419,,"{""type"":""MultiPoint"",""coordinates"":[]}"
A20230127_1200,2023-01-27,22.312625519457146,77.96066166777419,,"{""type"":""MultiPoint"",""coordinates"":[]}"
A20230127_1500,2023-01-27,22.312625519457146,77.96066166777419,,"{""type"":""MultiPoint"",""coordinates"":[]}"
A20230127_1800,2023-01-27,22.312625519457146,77.96066166777419,,"{""type"":""MultiPoint"",""coordinates"":[]}"
A20230127_2100,2023-01-27,22.312625519457146,77.96066166777419,,"{""type"":""MultiPoint"",""coordinates"":[]}"
A20230128_0000,2023-01-28,22.312625519457146,77.96066166777419,,"{""type"":""MultiPoint"",""coordinates"":[]}"
A20230128_0300,2023-01-28,22.312625519457146,77.96066166777419,,"{""type"":""MultiPoint"",""coordinates"":[]}"
A20230128_0600,2023-01-28,22.312625519457146,77.96066166777419,,"{""type"":""MultiPoint"",""coordinates"":[]}"
A20230128_0900,2023-01-28,22.312625519457146,77.96066166777419,,"{""type"":""MultiPoint"",""coordinates"":[]}"
A20230128_1200,2023-01-28,22.312625519457146,77.96066166777419,,"{""type"":""MultiPoint"",""coordinates"":[]}"
A20230128_1500,2023-01-28,22.312625519457146,77.96066166777419,,"{""type"":""MultiPoint"",""coordinates"":[]}"
A20230128_1800,2023-01-28,22.312625519457146,77.96066166777419,,"{""type"":""MultiPoint"",""coordinates"":[]}"
A20230128_2100,2023-01-28,22.312625519457146,77.96066166777419,,"{""type"":""MultiPoint"",""coordinates"":[]}"
A20230129_0000,2023-01-29,22.312625519457146,77.96066166777419,,"{""type"":""MultiPoint"",""coordinates"":[]}"
A20230129_0300,2023-01-29,22.312625519457146,77.96066166777419,,"{""type"":""MultiPoint"",""coordinates"":[]}"
A20230129_0600,2023-01-29,22.312625519457146,77.96066166777419,,"{""type"":""MultiPoint"",""coordinates"":[]}"
A20230129_0900,2023-01-29,22.312625519457146,77.96066166777419,,"{""type"":""MultiPoint"",""coordinates"":[]}"
A20230129_1200,2023-01-29,22.312625519457146,77.96066166777419,,"{""type"":""MultiPoint"",""coordinates"":[]}"
A20230129_1500,2023-01-29,22.312625519457146,77.96066166777419,,"{""type"":""MultiPoint"",""coordinates"":[]}"
A20230129_1800,2023-01-29,22.312625519457146,77.96066166777419,,"{""type"":""MultiPoint"",""coordinates"":[]}"
A20230129_2100,2023-01-29,22.312625519457146,77.96066166777419,,"{""type"":""MultiPoint"",""coordinates"":[]}"
A20230130_0000,2023-01-30,22.312625519457146,77.96066166777419,,"{""type"":""MultiPoint"",""coordinates"":[]}"
A20230130_0300,2023-01-30,22.312625519457146,77.96066166777419,,"{""type"":""MultiPoint"",""coordinates"":[]}"
A20230130_0600,2023-01-30,22.312625519457146,77.96066166777419,,"{""type"":""MultiPoint"",""coordinates"":[]}"
A20230130_0900,2023-01-30,22.312625519457146,77.96066166777419,,"{""type"":""MultiPoint"",""coordinates"":[]}"
A20230130_1200,2023-01-30,22.312625519457146,77.96066166777419,,"{""type"":""MultiPoint"",""coordinates"":[]}"
A20230130_1500,2023-01-30,22.312625519457146,77.96066166777419,,"{""type"":""MultiPoint"",""coordinates"":[]}"
A20230130_1800,2023-01-30,22.312625519457146,77.96066166777419,,"{""type"":""MultiPoint"",""coordinates"":[]}"
A20230130_2100,2023-01-30,22.312625519457146,77.96066166777419,,"{""type"":""MultiPoint"",""coordinates"":[]}"
A20230131_0000,2023-01-31,22.312625519457146,77.96066166777419,,"{""type"":""MultiPoint"",""coordinates"":[]}"
A20230131_0300,2023-01-31,22.312625519457146,77.96066166777419,,"{""type"":""MultiPoint"",""coordinates"":[]}"
A20230131_0600,2023-01-31,22.312625519457146,77.96066166777419,,"{""type"":""MultiPoint"",""coordinates"":[]}"
A20230131_0900,2023-01-31,22.312625519457146,77.96066166777419,,"{""type"":""MultiPoint"",""coordinates"":[]}"
A20230131_1200,2023-01-31,22.312625519457146,77.96066166777419,,"{""type"":""MultiPoint"",""coordinates"":[]}"
A20230131_1500,2023-01-31,22.312625519457146,77.96066166777419,,"{""type"":""MultiPoint"",""coordinates"":[]}"
A20230131_1800,2023-01-31,22.312625519457146,77.96066166777419,,"{""type"":""MultiPoint"",""coordinates"":[]}"
A20230131_2100,2023-01-31,22.312625519457146,77.96066166777419,,"{""type"":""MultiPoint"",""coordinates"":[]}"
A20230201_0000,2023-02-01,22.312625519457146,77.96066166777419,,"{""type"":""MultiPoint"",""coordinates"":[]}"
A20230201_0300,2023-02-01,22.312625519457146,77.96066166777419,,"{""type"":""MultiPoint"",""coordinates"":[]}"
A20230201_0600,2023-02-01,22.312625519457146,77.96066166777419,,"{""type"":""MultiPoint"",""coordinates"":[]}"
A20230201_0900,2023-02-01,22.312625519457146,77.96066166777419,,"{""type"":""MultiPoint"",""coordinates"":[]}"
A20230201_1200,2023-02-01,22.312625519457146,77.96066166777419,,"{""type"":""MultiPoint"",""coordinates"":[]}"
A20230201_1500,2023-02-01,22.312625519457146,77.96066166777419,,"{""type"":""MultiPoint"",""coordinates"":[]}"
A20230201_1800,2023-02-01,22.312625519457146,77.96066166777419,,"{""type"":""MultiPoint"",""coordinates"":[]}"
A20230201_2100,2023-02-01,22.312625519457146,77.96066166777419,,"{""type"":""MultiPoint"",""coordinates"":[]}"
A20230202_0000,2023-02-02,22.312625519457146,77.96066166777419,,"{""type"":""MultiPoint"",""coordinates"":[]}"
A20230202_0300,2023-02-02,22.312625519457146,77.96066166777419,,"{""type"":""MultiPoint"",""coordinates"":[]}"
A20230202_0600,2023-02-02,22.312625519457146,77.96066166777419,,"{""type"":""MultiPoint"",""coordinates"":[]}"
A20230202_0900,2023-02-02,22.312625519457146,77.96066166777419,,"{""type"":""MultiPoint"",""coordinates"":[]}"
A20230202_1200,2023-02-02,22.312625519457146,77.96066166777419,,"{""type"":""MultiPoint"",""coordinates"":[]}"
A20230202_1500,2023-02-02,22.312625519457146,77.96066166777419,,"{""type"":""MultiPoint"",""coordinates"":[]}"
A20230202_1800,2023-02-02,22.312625519457146,77.96066166777419,,"{""type"":""MultiPoint"",""coordinates"":[]}"
A20230202_2100,2023-02-02,22.312625519457146,77.96066166777419,,"{""type"":""MultiPoint"",""coordinates"":[]}"
A20230203_0000,2023-02-03,22.312625519457146,77.96066166777419,,"{""type"":""MultiPoint"",""coordinates"":[]}"
A20230203_0300,2023-02-03,22.312625519457146,77.96066166777419,,"{""type"":""MultiPoint"",""coordinates"":[]}"
A20230203_0600,2023-02-03,22.312625519457146,77.96066166777419,,"{""type"":""MultiPoint"",""coordinates"":[]}"
A20230203_0900,2023-02-03,22.312625519457146,77.96066166777419,,"{""type"":""MultiPoint"",""coordinates"":[]}"
A20230203_1200,2023-02-03,22.312625519457146,77.96066166777419,,"{""type"":""MultiPoint"",""coordinates"":[]}"
A20230203_1500,2023-02-03,22.312625519457146,77.96066166777419,,"{""type"":""MultiPoint"",""coordinates"":[]}"
A20230203_1800,2023-02-03,22.312625519457146,77.96066166777419,,"{""type"":""MultiPoint"",""coordinates"":[]}"
A20230203_2100,2023-02-03,22.312625519457146,77.96066166777419,,"{""type"":""MultiPoint"",""coordinates"":[]}"
A20230204_0000,2023-02-04,22.312625519457146,77.96066166777419,,"{""type"":""MultiPoint"",""coordinates"":[]}"
A20230204_0300,2023-02-04,22.312625519457146,77.96066166777419,,"{""type"":""MultiPoint"",""coordinates"":[]}"
A20230204_0600,2023-02-04,22.312625519457146,77.96066166777419,,"{""type"":""MultiPoint"",""coordinates"":[]}"
A20230204_0900,2023-02-04,22.312625519457146,77.96066166777419,,"{""type"":""MultiPoint"",""coordinates"":[]}"
A20230204_1200,2023-02-04,22.312625519457146,77.96066166777419,,"{""type"":""MultiPoint"",""coordinates"":[]}"
A20230204_1500,2023-02-04,22.312625519457146,77.96066166777419,,"{""type"":""MultiPoint"",""coordinates"":[]}"
A20230204_1800,2023-02-04,22.312625519457146,77.96066166777419,,"{""type"":""MultiPoint"",""coordinates"":[]}"
A20230204_2100,2023-02-04,22.312625519457146,77.96066166777419,,"{""type"":""MultiPoint"",""coordinates"":[]}"
A20230205_0000,2023-02-05,22.312625519457146,77.96066166777419,,"{""type"":""MultiPoint"",""coordinates"":[]}"
A20230205_0300,2023-02-05,22.312625519457146,77.96066166777419,,"{""type"":""MultiPoint"",""coordinates"":[]}"
A20230205_0600,2023-02-05,22.312625519457146,77.96066166777419,,"{""type"":""MultiPoint"",""coordinates"":[]}"
A20230205_0900,2023-02-05,22.312625519457146,77.96066166777419,,"{""type"":""MultiPoint"",""coordinates"":[]}"
A20230205_1200,2023-02-05,22.312625519457146,77.96066166777419,,"{""type"":""MultiPoint"",""coordinates"":[]}"
A20230205_1500,2023-02-05,22.312625519457146,77.96066166777419,,"{""type"":""MultiPoint"",""coordinates"":[]}"
A20230205_1800,2023-02-05,22.312625519457146,77.96066166777419,,"{""type"":""MultiPoint"",""coordinates"":[]}"
A20230205_2100,2023-02-05,22.312625519457146,77.96066166777419,,"{""type"":""MultiPoint"",""coordinates"":[]}"
A20230206_0000,2023-02-06,22.312625519457146,77.96066166777419,,"{""type"":""MultiPoint"",""coordinates"":[]}"
A20230206_0300,2023-02-06,22.312625519457146,77.96066166777419,,"{""type"":""MultiPoint"",""coordinates"":[]}"
A20230206_0600,2023-02-06,22.312625519457146,77.96066166777419,,"{""type"":""MultiPoint"",""coordinates"":[]}"
A20230206_0900,2023-02-06,22.312625519457146,77.96066166777419,,"{""type"":""MultiPoint"",""coordinates"":[]}"
A20230206_1200,2023-02-06,22.312625519457146,77.96066166777419,,"{""type"":""MultiPoint"",""coordinates"":[]}"
A20230206_1500,2023-02-06,22.312625519457146,77.96066166777419,,"{""type"":""MultiPoint"",""coordinates"":[]}"
A20230206_1800,2023-02-06,22.312625519457146,77.96066166777419,,"{""type"":""MultiPoint"",""coordinates"":[]}"
A20230206_2100,2023-02-06,22.312625519457146,77.96066166777419,,"{""type"":""MultiPoint"",""coordinates"":[]}"
A20230207_0000,2023-02-07,22.312625519457146,77.96066166777419,,"{""type"":""MultiPoint"",""coordinates"":[]}"
A20230207_0300,2023-02-07,22.312625519457146,77.96066166777419,,"{""type"":""MultiPoint"",""coordinates"":[]}"
A20230207_0600,2023-02-07,22.312625519457146,77.96066166777419,,"{""type"":""MultiPoint"",""coordinates"":[]}"
A20230207_0900,2023-02-07,22.312625519457146,77.96066166777419,,"{""type"":""MultiPoint"",""coordinates"":[]}"
A20230207_1200,2023-02-07,22.312625519457146,77.96066166777419,,"{""type"":""MultiPoint"",""coordinates"":[]}"
A20230207_1500,2023-02-07,22.312625519457146,77.96066166777419,,"{""type"":""MultiPoint"",""coordinates"":[]}"
A20230207_1800,2023-02-07,22.312625519457146,77.96066166777419,,"{""type"":""MultiPoint"",""coordinates"":[]}"
A20230207_2100,2023-02-07,22.312625519457146,77.96066166777419,,"{""type"":""MultiPoint"",""coordinates"":[]}"
A20230208_0000,2023-02-08,22.312625519457146,77.96066166777419,,"{""type"":""MultiPoint"",""coordinates"":[]}"
A20230208_0300,2023-02-08,22.312625519457146,77.96066166777419,,"{""type"":""MultiPoint"",""coordinates"":[]}"
A20230208_0600,2023-02-08,22.312625519457146,77.96066166777419,,"{""type"":""MultiPoint"",""coordinates"":[]}"
A20230208_0900,2023-02-08,22.312625519457146,77.96066166777419,,"{""type"":""MultiPoint"",""coordinates"":[]}"
A20230208_1200,2023-02-08,22.312625519457146,77.96066166777419,,"{""type"":""MultiPoint"",""coordinates"":[]}"
A20230208_1500,2023-02-08,22.312625519457146,77.96066166777419,,"{""type"":""MultiPoint"",""coordinates"":[]}"
A20230208_1800,2023-02-08,22.312625519457146,77.96066166777419,,"{""type"":""MultiPoint"",""coordinates"":[]}"
A20230208_2100,2023-02-08,22.312625519457146,77.96066166777419,,"{""type"":""MultiPoint"",""coordinates"":[]}"
A20230209_0000,2023-02-09,22.312625519457146,77.96066166777419,,"{""type"":""MultiPoint"",""coordinates"":[]}"
A20230209_0300,2023-02-09,22.312625519457146,77.96066166777419,,"{""type"":""MultiPoint"",""coordinates"":[]}"
A20230209_0600,2023-02-09,22.312625519457146,77.96066166777419,,"{""type"":""MultiPoint"",""coordinates"":[]}"
A20230209_0900,2023-02-09,22.312625519457146,77.96066166777419,,"{""type"":""MultiPoint"",""coordinates"":[]}"
A20230209_1200,2023-02-09,22.312625519457146,77.96066166777419,,"{""type"":""MultiPoint"",""coordinates"":[]}"
A20230209_1500,2023-02-09,22.312625519457146,77.96066166777419,,"{""type"":""MultiPoint"",""coordinates"":[]}"
A20230209_1800,2023-02-09,22.312625519457146,77.96066166777419,,"{""type"":""MultiPoint"",""coordinates"":[]}"
A20230209_2100,2023-02-09,22.312625519457146,77.96066166777419,,"{""type"":""MultiPoint"",""coordinates"":[]}"
A20230210_0000,2023-02-10,22.312625519457146,77.96066166777419,,"{""type"":""MultiPoint"",""coordinates"":[]}"
A20230210_0300,2023-02-10,22.312625519457146,77.96066166777419,,"{""type"":""MultiPoint"",""coordinates"":[]}"
A20230210_0600,2023-02-10,22.312625519457146,77.96066166777419,,"{""type"":""MultiPoint"",""coordinates"":[]}"
A20230210_0900,2023-02-10,22.312625519457146,77.96066166777419,,"{""type"":""MultiPoint"",""coordinates"":[]}"
A20230210_1200,2023-02-10,22.312625519457146,77.96066166777419,,"{""type"":""MultiPoint"",""coordinates"":[]}"
A20230210_1500,2023-02-10,22.312625519457146,77.96066166777419,,"{""type"":""MultiPoint"",""coordinates"":[]}"
A20230210_1800,2023-02-10,22.312625519457146,77.96066166777419,,"{""type"":""MultiPoint"",""coordinates"":[]}"
A20230210_2100,2023-02-10,22.312625519457146,77.96066166777419,,"{""type"":""MultiPoint"",""coordinates"":[]}"
A20230211_0000,2023-02-11,22.312625519457146,77.96066166777419,,"{""type"":""MultiPoint"",""coordinates"":[]}"
A20230211_0300,2023-02-11,22.312625519457146,77.96066166777419,,"{""type"":""MultiPoint"",""coordinates"":[]}"
A20230211_0600,2023-02-11,22.312625519457146,77.96066166777419,,"{""type"":""MultiPoint"",""coordinates"":[]}"
A20230211_0900,2023-02-11,22.312625519457146,77.96066166777419,,"{""type"":""MultiPoint"",""coordinates"":[]}"
A20230211_1200,2023-02-11,22.312625519457146,77.96066166777419,,"{""type"":""MultiPoint"",""coordinates"":[]}"
A20230211_1500,2023-02-11,22.312625519457146,77.96066166777419,,"{""type"":""MultiPoint"",""coordinates"":[]}"
A20230211_1800,2023-02-11,22.312625519457146,77.96066166777419,,"{""type"":""MultiPoint"",""coordinates"":[]}"
A20230211_2100,2023-02-11,22.312625519457146,77.96066166777419,,"{""type"":""MultiPoint"",""coordinates"":[]}"
A20230212_0000,2023-02-12,22.312625519457146,77.96066166777419,,"{""type"":""MultiPoint"",""coordinates"":[]}"
A20230212_0300,2023-02-12,22.312625519457146,77.96066166777419,,"{""type"":""MultiPoint"",""coordinates"":[]}"
A20230212_0600,2023-02-12,22.312625519457146,77.96066166777419,,"{""type"":""MultiPoint"",""coordinates"":[]}"
A20230212_0900,2023-02-12,22.312625519457146,77.96066166777419,,"{""type"":""MultiPoint"",""coordinates"":[]}"
A20230212_1200,2023-02-12,22.312625519457146,77.96066166777419,,"{""type"":""MultiPoint"",""coordinates"":[]}"
A20230212_1500,2023-02-12,22.312625519457146,77.96066166777419,,"{""type"":""MultiPoint"",""coordinates"":[]}"
A20230212_1800,2023-02-12,22.312625519457146,77.96066166777419,,"{""type"":""MultiPoint"",""coordinates"":[]}"
A20230212_2100,2023-02-12,22.312625519457146,77.96066166777419,,"{""type"":""MultiPoint"",""coordinates"":[]}"
A20230213_0000,2023-02-13,22.312625519457146,77.96066166777419,,"{""type"":""MultiPoint"",""coordinates"":[]}"
A20230213_0300,2023-02-13,22.312625519457146,77.96066166777419,,"{""type"":""MultiPoint"",""coordinates"":[]}"
A20230213_0600,2023-02-13,22.312625519457146,77.96066166777419,,"{""type"":""MultiPoint"",""coordinates"":[]}"
A20230213_0900,2023-02-13,22.312625519457146,77.96066166777419,,"{""type"":""MultiPoint"",""coordinates"":[]}"
A20230213_1200,2023-02-13,22.312625519457146,77.96066166777419,,"{""type"":""MultiPoint"",""coordinates"":[]}"
A20230213_1500,2023-02-13,22.312625519457146,77.96066166777419,,"{""type"":""MultiPoint"",""coordinates"":[]}"
A20230213_1800,2023-02-13,22.312625519457146,77.96066166777419,,"{""type"":""MultiPoint"",""coordinates"":[]}"
A20230213_2100,2023-02-13,22.312625519457146,77.96066166777419,,"{""type"":""MultiPoint"",""coordinates"":[]}"
A20230214_0000,2023-02-14,22.312625519457146,77.96066166777419,,"{""type"":""MultiPoint"",""coordinates"":[]}"
A20230214_0300,2023-02-14,22.312625519457146,77.96066166777419,,"{""type"":""MultiPoint"",""coordinates"":[]}"
A20230214_0600,2023-02-14,22.312625519457146,77.96066166777419,,"{""type"":""MultiPoint"",""coordinates"":[]}"
A20230214_0900,2023-02-14,22.312625519457146,77.96066166777419,,"{""type"":""MultiPoint"",""coordinates"":[]}"
A20230214_1200,2023-02-14,22.312625519457146,77.96066166777419,,"{""type"":""MultiPoint"",""coordinates"":[]}"
A20230214_1500,2023-02-14,22.312625519457146,77.96066166777419,,"{""type"":""MultiPoint"",""coordinates"":[]}"
A20230214_1800,2023-02-14,22.312625519457146,77.96066166777419,,"{""type"":""MultiPoint"",""coordinates"":[]}"
A20230214_2100,2023-02-14,22.312625519457146,77.96066166777419,,"{""type"":""MultiPoint"",""coordinates"":[]}"
A20230215_0000,2023-02-15,22.312625519457146,77.96066166777419,,"{""type"":""MultiPoint"",""coordinates"":[]}"
A20230215_0300,2023-02-15,22.312625519457146,77.96066166777419,,"{""type"":""MultiPoint"",""coordinates"":[]}"
A20230215_0600,2023-02-15,22.312625519457146,77.96066166777419,,"{""type"":""MultiPoint"",""coordinates"":[]}"
A20230215_0900,2023-02-15,22.312625519457146,77.96066166777419,,"{""type"":""MultiPoint"",""coordinates"":[]}"
A20230215_1200,2023-02-15,22.312625519457146,77.96066166777419,,"{""type"":""MultiPoint"",""coordinates"":[]}"
A20230215_1500,2023-02-15,22.312625519457146,77.96066166777419,,"{""type"":""MultiPoint"",""coordinates"":[]}"
A20230215_1800,2023-02-15,22.312625519457146,77.96066166777419,,"{""type"":""MultiPoint"",""coordinates"":[]}"
A20230215_2100,2023-02-15,22.312625519457146,77.96066166777419,,"{""type"":""MultiPoint"",""coordinates"":[]}"
A20230216_0000,2023-02-16,22.312625519457146,77.96066166777419,,"{""type"":""MultiPoint"",""coordinates"":[]}"
A20230216_0300,2023-02-16,22.312625519457146,77.96066166777419,,"{""type"":""MultiPoint"",""coordinates"":[]}"
A20230216_0600,2023-02-16,22.312625519457146,77.96066166777419,,"{""type"":""MultiPoint"",""coordinates"":[]}"
A20230216_0900,2023-02-16,22.312625519457146,77.96066166777419,,"{""type"":""MultiPoint"",""coordinates"":[]}"
A20230216_1200,2023-02-16,22.312625519457146,77.96066166777419,,"{""type"":""MultiPoint"",""coordinates"":[]}"
A20230216_1500,2023-02-16,22.312625519457146,77.96066166777419,,"{""type"":""MultiPoint"",""coordinates"":[]}"
A20230216_1800,2023-02-16,22.312625519457146,77.96066166777419,,"{""type"":""MultiPoint"",""coordinates"":[]}"
A20230216_2100,2023-02-16,22.312625519457146,77.96066166777419,,"{""type"":""MultiPoint"",""coordinates"":[]}"
A20230217_0000,2023-02-17,22.312625519457146,77.96066166777419,,"{""type"":""MultiPoint"",""coordinates"":[]}"
A20230217_0300,2023-02-17,22.312625519457146,77.96066166777419,,"{""type"":""MultiPoint"",""coordinates"":[]}"
A20230217_0600,2023-02-17,22.312625519457146,77.96066166777419,,"{""type"":""MultiPoint"",""coordinates"":[]}"
A20230217_0900,2023-02-17,22.312625519457146,77.96066166777419,,"{""type"":""MultiPoint"",""coordinates"":[]}"
A20230217_1200,2023-02-17,22.312625519457146,77.96066166777419,,"{""type"":""MultiPoint"",""coordinates"":[]}"
A20230217_1500,2023-02-17,22.312625519457146,77.96066166777419,,"{""type"":""MultiPoint"",""coordinates"":[]}"
A20230217_1800,2023-02-17,22.312625519457146,77.96066166777419,,"{""type"":""MultiPoint"",""coordinates"":[]}"
A20230217_2100,2023-02-17,22.312625519457146,77.96066166777419,,"{""type"":""MultiPoint"",""coordinates"":[]}"
A20230218_0000,2023-02-18,22.312625519457146,77.96066166777419,,"{""type"":""MultiPoint"",""coordinates"":[]}"
A20230218_0300,2023-02-18,22.312625519457146,77.96066166777419,,"{""type"":""MultiPoint"",""coordinates"":[]}"
A20230218_0600,2023-02-18,22.312625519457146,77.96066166777419,,"{""type"":""MultiPoint"",""coordinates"":[]}"
A20230218_0900,2023-02-18,22.312625519457146,77.96066166777419,,"{""type"":""MultiPoint"",""coordinates"":[]}"
A20230218_1200,2023-02-18,22.312625519457146,77.96066166777419,,"{""type"":""MultiPoint"",""coordinates"":[]}"
A20230218_1500,2023-02-18,22.312625519457146,77.96066166777419,,"{""type"":""MultiPoint"",""coordinates"":[]}"
A20230218_1800,2023-02-18,22.312625519457146,77.96066166777419,,"{""type"":""MultiPoint"",""coordinates"":[]}"
A20230218_2100,2023-02-18,22.312625519457146,77.96066166777419,,"{""type"":""MultiPoint"",""coordinates"":[]}"
A20230219_0000,2023-02-19,22.312625519457146,77.96066166777419,,"{""type"":""MultiPoint"",""coordinates"":[]}"
A20230219_0300,2023-02-19,22.312625519457146,77.96066166777419,,"{""type"":""MultiPoint"",""coordinates"":[]}"
A20230219_0600,2023-02-19,22.312625519457146,77.96066166777419,,"{""type"":""MultiPoint"",""coordinates"":[]}"
A20230219_0900,2023-02-19,22.312625519457146,77.96066166777419,,"{""type"":""MultiPoint"",""coordinates"":[]}"
A20230219_1200,2023-02-19,22.312625519457146,77.96066166777419,,"{""type"":""MultiPoint"",""coordinates"":[]}"
A20230219_1500,2023-02-19,22.312625519457146,77.96066166777419,,"{""type"":""MultiPoint"",""coordinates"":[]}"
A20230219_1800,2023-02-19,22.312625519457146,77.96066166777419,,"{""type"":""MultiPoint"",""coordinates"":[]}"
A20230219_2100,2023-02-19,22.312625519457146,77.96066166777419,,"{""type"":""MultiPoint"",""coordinates"":[]}"
A20230220_0000,2023-02-20,22.312625519457146,77.96066166777419,,"{""type"":""MultiPoint"",""coordinates"":[]}"
A20230220_0300,2023-02-20,22.312625519457146,77.96066166777419,,"{""type"":""MultiPoint"",""coordinates"":[]}"
A20230220_0600,2023-02-20,22.312625519457146,77.96066166777419,,"{""type"":""MultiPoint"",""coordinates"":[]}"
A20230220_0900,2023-02-20,22.312625519457146,77.96066166777419,,"{""type"":""MultiPoint"",""coordinates"":[]}"
A20230220_1200,2023-02-20,22.312625519457146,77.96066166777419,,"{""type"":""MultiPoint"",""coordinates"":[]}"
A20230220_1500,2023-02-20,22.312625519457146,77.96066166777419,,"{""type"":""MultiPoint"",""coordinates"":[]}"
A20230220_1800,2023-02-20,22.312625519457146,77.96066166777419,,"{""type"":""MultiPoint"",""coordinates"":[]}"
A20230220_2100,2023-02-20,22.312625519457146,77.96066166777419,,"{""type"":""MultiPoint"",""coordinates"":[]}"
A20230221_0000,2023-02-21,22.312625519457146,77.96066166777419,,"{""type"":""MultiPoint"",""coordinates"":[]}"
A20230221_0300,2023-02-21,22.312625519457146,77.96066166777419,,"{""type"":""MultiPoint"",""coordinates"":[]}"
A20230221_0600,2023-02-21,22.312625519457146,77.96066166777419,,"{""type"":""MultiPoint"",""coordinates"":[]}"
A20230221_0900,2023-02-21,22.312625519457146,77.96066166777419,,"{""type"":""MultiPoint"",""coordinates"":[]}"
A20230221_1200,2023-02-21,22.312625519457146,77.96066166777419,,"{""type"":""MultiPoint"",""coordinates"":[]}"
A20230221_1500,2023-02-21,22.312625519457146,77.96066166777419,,"{""type"":""MultiPoint"",""coordinates"":[]}"
A20230221_1800,2023-02-21,22.312625519457146,77.96066166777419,,"{""type"":""MultiPoint"",""coordinates"":[]}"
A20230221_2100,2023-02-21,22.312625519457146,77.96066166777419,,"{""type"":""MultiPoint"",""coordinates"":[]}"
A20230222_0000,2023-02-22,22.312625519457146,77.96066166777419,,"{""type"":""MultiPoint"",""coordinates"":[]}"
A20230222_0300,2023-02-22,22.312625519457146,77.96066166777419,,"{""type"":""MultiPoint"",""coordinates"":[]}"
A20230222_0600,2023-02-22,22.312625519457146,77.96066166777419,,"{""type"":""MultiPoint"",""coordinates"":[]}"
A20230222_0900,2023-02-22,22.312625519457146,77.96066166777419,,"{""type"":""MultiPoint"",""coordinates"":[]}"
A20230222_1200,2023-02-22,22.312625519457146,77.96066166777419,,"{""type"":""MultiPoint"",""coordinates"":[]}"
A20230222_1500,2023-02-22,22.312625519457146,77.96066166777419,,"{""type"":""MultiPoint"",""coordinates"":[]}"
A20230222_1800,2023-02-22,22.312625519457146,77.96066166777419,,"{""type"":""MultiPoint"",""coordinates"":[]}"
A20230222_2100,2023-02-22,22.312625519457146,77.96066166777419,,"{""type"":""MultiPoint"",""coordinates"":[]}"
A20230223_0000,2023-02-23,22.312625519457146,77.96066166777419,,"{""type"":""MultiPoint"",""coordinates"":[]}"
A20230223_0300,2023-02-23,22.312625519457146,77.96066166777419,,"{""type"":""MultiPoint"",""coordinates"":[]}"
A20230223_0600,2023-02-23,22.312625519457146,77.96066166777419,,"{""type"":""MultiPoint"",""coordinates"":[]}"
A20230223_0900,2023-02-23,22.312625519457146,77.96066166777419,,"{""type"":""MultiPoint"",""coordinates"":[]}"
A20230223_1200,2023-02-23,22.312625519457146,77.96066166777419,,"{""type"":""MultiPoint"",""coordinates"":[]}"
A20230223_1500,2023-02-23,22.312625519457146,77.96066166777419,,"{""type"":""MultiPoint"",""coordinates"":[]}"
A20230223_1800,2023-02-23,22.312625519457146,77.96066166777419,,"{""type"":""MultiPoint"",""coordinates"":[]}"
A20230223_2100,2023-02-23,22.312625519457146,77.96066166777419,,"{""type"":""MultiPoint"",""coordinates"":[]}"
A20230224_0000,2023-02-24,22.312625519457146,77.96066166777419,,"{""type"":""MultiPoint"",""coordinates"":[]}"
A20230224_0300,2023-02-24,22.312625519457146,77.96066166777419,,"{""type"":""MultiPoint"",""coordinates"":[]}"
A20230224_0600,2023-02-24,22.312625519457146,77.96066166777419,,"{""type"":""MultiPoint"",""coordinates"":[]}"
A20230224_0900,2023-02-24,22.312625519457146,77.96066166777419,,"{""type"":""MultiPoint"",""coordinates"":[]}"
A20230224_1200,2023-02-24,22.312625519457146,77.96066166777419,,"{""type"":""MultiPoint"",""coordinates"":[]}"
A20230224_1500,2023-02-24,22.312625519457146,77.96066166777419,,"{""type"":""MultiPoint"",""coordinates"":[]}"
A20230224_1800,2023-02-24,22.312625519457146,77.96066166777419,,"{""type"":""MultiPoint"",""coordinates"":[]}"
A20230224_2100,2023-02-24,22.312625519457146,77.96066166777419,,"{""type"":""MultiPoint"",""coordinates"":[]}"
A20230225_0000,2023-02-25,22.312625519457146,77.96066166777419,,"{""type"":""MultiPoint"",""coordinates"":[]}"
A20230225_0300,2023-02-25,22.312625519457146,77.96066166777419,,"{""type"":""MultiPoint"",""coordinates"":[]}"
A20230225_0600,2023-02-25,22.312625519457146,77.96066166777419,,"{""type"":""MultiPoint"",""coordinates"":[]}"
A20230225_0900,2023-02-25,22.312625519457146,77.96066166777419,,"{""type"":""MultiPoint"",""coordinates"":[]}"
A20230225_1200,2023-02-25,22.312625519457146,77.96066166777419,,"{""type"":""MultiPoint"",""coordinates"":[]}"
A20230225_1500,2023-02-25,22.312625519457146,77.96066166777419,,"{""type"":""MultiPoint"",""coordinates"":[]}"
A20230225_1800,2023-02-25,22.312625519457146,77.96066166777419,,"{""type"":""MultiPoint"",""coordinates"":[]}"
A20230225_2100,2023-02-25,22.312625519457146,77.96066166777419,,"{""type"":""MultiPoint"",""coordinates"":[]}"
A20230226_0000,2023-02-26,22.312625519457146,77.96066166777419,,"{""type"":""MultiPoint"",""coordinates"":[]}"
A20230226_0300,2023-02-26,22.312625519457146,77.96066166777419,,"{""type"":""MultiPoint"",""coordinates"":[]}"
A20230226_0600,2023-02-26,22.312625519457146,77.96066166777419,,"{""type"":""MultiPoint"",""coordinates"":[]}"
A20230226_0900,2023-02-26,22.312625519457146,77.96066166777419,,"{""type"":""MultiPoint"",""coordinates"":[]}"
A20230226_1200,2023-02-26,22.312625519457146,77.96066166777419,,"{""type"":""MultiPoint"",""coordinates"":[]}"
A20230226_1500,2023-02-26,22.312625519457146,77.96066166777419,,"{""type"":""MultiPoint"",""coordinates"":[]}"
A20230226_1800,2023-02-26,22.312625519457146,77.96066166777419,,"{""type"":""MultiPoint"",""coordinates"":[]}"
A20230226_2100,2023-02-26,22.312625519457146,77.96066166777419,,"{""type"":""MultiPoint"",""coordinates"":[]}"
A20230227_0000,2023-02-27,22.312625519457146,77.96066166777419,,"{""type"":""MultiPoint"",""coordinates"":[]}"
A20230227_0300,2023-02-27,22.312625519457146,77.96066166777419,,"{""type"":""MultiPoint"",""coordinates"":[]}"
A20230227_0600,2023-02-27,22.312625519457146,77.96066166777419,,"{""type"":""MultiPoint"",""coordinates"":[]}"
A20230227_0900,2023-02-27,22.312625519457146,77.96066166777419,,"{""type"":""MultiPoint"",""coordinates"":[]}"
A20230227_1200,2023-02-27,22.312625519457146,77.96066166777419,,"{""type"":""MultiPoint"",""coordinates"":[]}"
A20230227_1500,2023-02-27,22.312625519457146,77.96066166777419,,"{""type"":""MultiPoint"",""coordinates"":[]}"
A20230227_1800,2023-02-27,22.312625519457146,77.96066166777419,,"{""type"":""MultiPoint"",""coordinates"":[]}"
A20230227_2100,2023-02-27,22.312625519457146,77.96066166777419,,"{""type"":""MultiPoint"",""coordinates"":[]}"
A20230228_0000,2023-02-28,22.312625519457146,77.96066166777419,,"{""type"":""MultiPoint"",""coordinates"":[]}"
A20230228_0300,2023-02-28,22.312625519457146,77.96066166777419,,"{""type"":""MultiPoint"",""coordinates"":[]}"
A20230228_0600,2023-02-28,22.312625519457146,77.96066166777419,,"{""type"":""MultiPoint"",""coordinates"":[]}"
A20230228_0900,2023-02-28,22.312625519457146,77.96066166777419,,"{""type"":""MultiPoint"",""coordinates"":[]}"
A20230228_1200,2023-02-28,22.312625519457146,77.96066166777419,,"{""type"":""MultiPoint"",""coordinates"":[]}"
A20230228_1500,2023-02-28,22.312625519457146,77.96066166777419,,"{""type"":""MultiPoint"",""coordinates"":[]}"
A20230228_1800,2023-02-28,22.312625519457146,77.96066166777419,,"{""type"":""MultiPoint"",""coordinates"":[]}"
A20230228_2100,2023-02-28,22.312625519457146,77.96066166777419,,"{""type"":""MultiPoint"",""coordinates"":[]}"
A20230301_0000,2023-03-01,22.312625519457146,77.96066166777419,,"{""type"":""MultiPoint"",""coordinates"":[]}"
A20230301_0300,2023-03-01,22.312625519457146,77.96066166777419,,"{""type"":""MultiPoint"",""coordinates"":[]}"
A20230301_0600,2023-03-01,22.312625519457146,77.96066166777419,,"{""type"":""MultiPoint"",""coordinates"":[]}"
A20230301_0900,2023-03-01,22.312625519457146,77.96066166777419,,"{""type"":""MultiPoint"",""coordinates"":[]}"
A20230301_1200,2023-03-01,22.312625519457146,77.96066166777419,,"{""type"":""MultiPoint"",""coordinates"":[]}"
A20230301_1500,2023-03-01,22.312625519457146,77.96066166777419,,"{""type"":""MultiPoint"",""coordinates"":[]}"
A20230301_1800,2023-03-01,22.312625519457146,77.96066166777419,,"{""type"":""MultiPoint"",""coordinates"":[]}"
A20230301_2100,2023-03-01,22.312625519457146,77.96066166777419,,"{""type"":""MultiPoint"",""coordinates"":[]}"
A20230302_0000,2023-03-02,22.312625519457146,77.96066166777419,,"{""type"":""MultiPoint"",""coordinates"":[]}"
A20230302_0300,2023-03-02,22.312625519457146,77.96066166777419,,"{""type"":""MultiPoint"",""coordinates"":[]}"
A20230302_0600,2023-03-02,22.312625519457146,77.96066166777419,,"{""type"":""MultiPoint"",""coordinates"":[]}"
A20230302_0900,2023-03-02,22.312625519457146,77.96066166777419,,"{""type"":""MultiPoint"",""coordinates"":[]}"
A20230302_1200,2023-03-02,22.312625519457146,77.96066166777419,,"{""type"":""MultiPoint"",""coordinates"":[]}"
A20230302_1500,2023-03-02,22.312625519457146,77.96066166777419,,"{""type"":""MultiPoint"",""coordinates"":[]}"
A20230302_1800,2023-03-02,22.312625519457146,77.96066166777419,,"{""type"":""MultiPoint"",""coordinates"":[]}"
A20230302_2100,2023-03-02,22.312625519457146,77.96066166777419,,"{""type"":""MultiPoint"",""coordinates"":[]}"
A20230303_0000,2023-03-03,22.312625519457146,77.96066166777419,,"{""type"":""MultiPoint"",""coordinates"":[]}"
A20230303_0300,2023-03-03,22.312625519457146,77.96066166777419,,"{""type"":""MultiPoint"",""coordinates"":[]}"
A20230303_0600,2023-03-03,22.312625519457146,77.96066166777419,,"{""type"":""MultiPoint"",""coordinates"":[]}"
A20230303_0900,2023-03-03,22.312625519457146,77.96066166777419,,"{""type"":""MultiPoint"",""coordinates"":[]}"
A20230303_1200,2023-03-03,22.312625519457146,77.96066166777419,,"{""type"":""MultiPoint"",""coordinates"":[]}"
A20230303_1500,2023-03-03,22.312625519457146,77.96066166777419,,"{""type"":""MultiPoint"",""coordinates"":[]}"
A20230303_1800,2023-03-03,22.312625519457146,77.96066166777419,,"{""type"":""MultiPoint"",""coordinates"":[]}"
A20230303_2100,2023-03-03,22.312625519457146,77.96066166777419,,"{""type"":""MultiPoint"",""coordinates"":[]}"
A20230304_0000,2023-03-04,22.312625519457146,77.96066166777419,,"{""type"":""MultiPoint"",""coordinates"":[]}"
A20230304_0300,2023-03-04,22.312625519457146,77.96066166777419,,"{""type"":""MultiPoint"",""coordinates"":[]}"
A20230304_0600,2023-03-04,22.312625519457146,77.96066166777419,,"{""type"":""MultiPoint"",""coordinates"":[]}"
A20230304_0900,2023-03-04,22.312625519457146,77.96066166777419,,"{""type"":""MultiPoint"",""coordinates"":[]}"
A20230304_1200,2023-03-04,22.312625519457146,77.96066166777419,,"{""type"":""MultiPoint"",""coordinates"":[]}"
A20230304_1500,2023-03-04,22.312625519457146,77.96066166777419,,"{""type"":""MultiPoint"",""coordinates"":[]}"
A20230304_1800,2023-03-04,22.312625519457146,77.96066166777419,,"{""type"":""MultiPoint"",""coordinates"":[]}"
A20230304_2100,2023-03-04,22.312625519457146,77.96066166777419,,"{""type"":""MultiPoint"",""coordinates"":[]}"
A20230305_0000,2023-03-05,22.312625519457146,77.96066166777419,,"{""type"":""MultiPoint"",""coordinates"":[]}"
A20230305_0300,2023-03-05,22.312625519457146,77.96066166777419,,"{""type"":""MultiPoint"",""coordinates"":[]}"
A20230305_0600,2023-03-05,22.312625519457146,77.96066166777419,,"{""type"":""MultiPoint"",""coordinates"":[]}"
A20230305_0900,2023-03-05,22.312625519457146,77.96066166777419,,"{""type"":""MultiPoint"",""coordinates"":[]}"
A20230305_1200,2023-03-05,22.312625519457146,77.96066166777419,,"{""type"":""MultiPoint"",""coordinates"":[]}"
A20230305_1500,2023-03-05,22.312625519457146,77.96066166777419,,"{""type"":""MultiPoint"",""coordinates"":[]}"
A20230305_1800,2023-03-05,22.312625519457146,77.96066166777419,,"{""type"":""MultiPoint"",""coordinates"":[]}"
A20230305_2100,2023-03-05,22.312625519457146,77.96066166777419,,"{""type"":""MultiPoint"",""coordinates"":[]}"
A20230306_0000,2023-03-06,22.312625519457146,77.96066166777419,,"{""type"":""MultiPoint"",""coordinates"":[]}"
A20230306_0300,2023-03-06,22.312625519457146,77.96066166777419,,"{""type"":""MultiPoint"",""coordinates"":[]}"
A20230306_0600,2023-03-06,22.312625519457146,77.96066166777419,,"{""type"":""MultiPoint"",""coordinates"":[]}"
A20230306_0900,2023-03-06,22.312625519457146,77.96066166777419,,"{""type"":""MultiPoint"",""coordinates"":[]}"
A20230306_1200,2023-03-06,22.312625519457146,77.96066166777419,,"{""type"":""MultiPoint"",""coordinates"":[]}"
A20230306_1500,2023-03-06,22.312625519457146,77.96066166777419,,"{""type"":""MultiPoint"",""coordinates"":[]}"
A20230306_1800,2023-03-06,22.312625519457146,77.96066166777419,,"{""type"":""MultiPoint"",""coordinates"":[]}"
A20230306_2100,2023-03-06,22.312625519457146,77.96066166777419,,"{""type"":""MultiPoint"",""coordinates"":[]}"
A20230307_0000,2023-03-07,22.312625519457146,77.96066166777419,,"{""type"":""MultiPoint"",""coordinates"":[]}"
A20230307_0300,2023-03-07,22.312625519457146,77.96066166777419,,"{""type"":""MultiPoint"",""coordinates"":[]}"
A20230307_0600,2023-03-07,22.312625519457146,77.96066166777419,,"{""type"":""MultiPoint"",""coordinates"":[]}"
A20230307_0900,2023-03-07,22.312625519457146,77.96066166777419,,"{""type"":""MultiPoint"",""coordinates"":[]}"
A20230307_1200,2023-03-07,22.312625519457146,77.96066166777419,,"{""type"":""MultiPoint"",""coordinates"":[]}"
A20230307_1500,2023-03-07,22.312625519457146,77.96066166777419,,"{""type"":""MultiPoint"",""coordinates"":[]}"
A20230307_1800,2023-03-07,22.312625519457146,77.96066166777419,,"{""type"":""MultiPoint"",""coordinates"":[]}"
A20230307_2100,2023-03-07,22.312625519457146,77.96066166777419,,"{""type"":""MultiPoint"",""coordinates"":[]}"
A20230308_0000,2023-03-08,22.312625519457146,77.96066166777419,,"{""type"":""MultiPoint"",""coordinates"":[]}"
A20230308_0300,2023-03-08,22.312625519457146,77.96066166777419,,"{""type"":""MultiPoint"",""coordinates"":[]}"
A20230308_0600,2023-03-08,22.312625519457146,77.96066166777419,,"{""type"":""MultiPoint"",""coordinates"":[]}"
A20230308_0900,2023-03-08,22.312625519457146,77.96066166777419,,"{""type"":""MultiPoint"",""coordinates"":[]}"
A20230308_1200,2023-03-08,22.312625519457146,77.96066166777419,,"{""type"":""MultiPoint"",""coordinates"":[]}"
A20230308_1500,2023-03-08,22.312625519457146,77.96066166777419,,"{""type"":""MultiPoint"",""coordinates"":[]}"
A20230308_1800,2023-03-08,22.312625519457146,77.96066166777419,,"{""type"":""MultiPoint"",""coordinates"":[]}"
A20230308_2100,2023-03-08,22.312625519457146,77.96066166777419,,"{""type"":""MultiPoint"",""coordinates"":[]}"
A20230309_0000,2023-03-09,22.312625519457146,77.96066166777419,,"{""type"":""MultiPoint"",""coordinates"":[]}"
A20230309_0300,2023-03-09,22.312625519457146,77.96066166777419,,"{""type"":""MultiPoint"",""coordinates"":[]}"
A20230309_0600,2023-03-09,22.312625519457146,77.96066166777419,,"{""type"":""MultiPoint"",""coordinates"":[]}"
A20230309_0900,2023-03-09,22.312625519457146,77.96066166777419,,"{""type"":""MultiPoint"",""coordinates"":[]}"
A20230309_1200,2023-03-09,22.312625519457146,77.96066166777419,,"{""type"":""MultiPoint"",""coordinates"":[]}"
A20230309_1500,2023-03-09,22.312625519457146,77.96066166777419,,"{""type"":""MultiPoint"",""coordinates"":[]}"
A20230309_1800,2023-03-09,22.312625519457146,77.96066166777419,,"{""type"":""MultiPoint"",""coordinates"":[]}"
A20230309_2100,2023-03-09,22.312625519457146,77.96066166777419,,"{""type"":""MultiPoint"",""coordinates"":[]}"
A20230310_0000,2023-03-10,22.312625519457146,77.96066166777419,,"{""type"":""MultiPoint"",""coordinates"":[]}"
A20230310_0300,2023-03-10,22.312625519457146,77.96066166777419,,"{""type"":""MultiPoint"",""coordinates"":[]}"
A20230310_0600,2023-03-10,22.312625519457146,77.96066166777419,,"{""type"":""MultiPoint"",""coordinates"":[]}"
A20230310_0900,2023-03-10,22.312625519457146,77.96066166777419,,"{""type"":""MultiPoint"",""coordinates"":[]}"
A20230310_1200,2023-03-10,22.312625519457146,77.96066166777419,,"{""type"":""MultiPoint"",""coordinates"":[]}"
A20230310_1500,2023-03-10,22.312625519457146,77.96066166777419,,"{""type"":""MultiPoint"",""coordinates"":[]}"
A20230310_1800,2023-03-10,22.312625519457146,77.96066166777419,,"{""type"":""MultiPoint"",""coordinates"":[]}"
A20230310_2100,2023-03-10,22.312625519457146,77.96066166777419,,"{""type"":""MultiPoint"",""coordinates"":[]}"
A20230311_0000,2023-03-11,22.312625519457146,77.96066166777419,,"{""type"":""MultiPoint"",""coordinates"":[]}"
A20230311_0300,2023-03-11,22.312625519457146,77.96066166777419,,"{""type"":""MultiPoint"",""coordinates"":[]}"
A20230311_0600,2023-03-11,22.312625519457146,77.96066166777419,,"{""type"":""MultiPoint"",""coordinates"":[]}"
A20230311_0900,2023-03-11,22.312625519457146,77.96066166777419,,"{""type"":""MultiPoint"",""coordinates"":[]}"
A20230311_1200,2023-03-11,22.312625519457146,77.96066166777419,,"{""type"":""MultiPoint"",""coordinates"":[]}"
A20230311_1500,2023-03-11,22.312625519457146,77.96066166777419,,"{""type"":""MultiPoint"",""coordinates"":[]}"
A20230311_1800,2023-03-11,22.312625519457146,77.96066166777419,,"{""type"":""MultiPoint"",""coordinates"":[]}"
A20230311_2100,2023-03-11,22.312625519457146,77.96066166777419,,"{""type"":""MultiPoint"",""coordinates"":[]}"
A20230312_0000,2023-03-12,22.312625519457146,77.96066166777419,,"{""type"":""MultiPoint"",""coordinates"":[]}"
A20230312_0300,2023-03-12,22.312625519457146,77.96066166777419,,"{""type"":""MultiPoint"",""coordinates"":[]}"
A20230312_0600,2023-03-12,22.312625519457146,77.96066166777419,,"{""type"":""MultiPoint"",""coordinates"":[]}"
A20230312_0900,2023-03-12,22.312625519457146,77.96066166777419,,"{""type"":""MultiPoint"",""coordinates"":[]}"
A20230312_1200,2023-03-12,22.312625519457146,77.96066166777419,,"{""type"":""MultiPoint"",""coordinates"":[]}"
A20230312_1500,2023-03-12,22.312625519457146,77.96066166777419,,"{""type"":""MultiPoint"",""coordinates"":[]}"
A20230312_1800,2023-03-12,22.312625519457146,77.96066166777419,,"{""type"":""MultiPoint"",""coordinates"":[]}"
A20230312_2100,2023-03-12,22.312625519457146,77.96066166777419,,"{""type"":""MultiPoint"",""coordinates"":[]}"
A20230313_0000,2023-03-13,22.312625519457146,77.96066166777419,,"{""type"":""MultiPoint"",""coordinates"":[]}"
A20230313_0300,2023-03-13,22.312625519457146,77.96066166777419,,"{""type"":""MultiPoint"",""coordinates"":[]}"
A20230313_0600,2023-03-13,22.312625519457146,77.96066166777419,,"{""type"":""MultiPoint"",""coordinates"":[]}"
A20230313_0900,2023-03-13,22.312625519457146,77.96066166777419,,"{""type"":""MultiPoint"",""coordinates"":[]}"
A20230313_1200,2023-03-13,22.312625519457146,77.96066166777419,,"{""type"":""MultiPoint"",""coordinates"":[]}"
A20230313_1500,2023-03-13,22.312625519457146,77.96066166777419,,"{""type"":""MultiPoint"",""coordinates"":[]}"
A20230313_1800,2023-03-13,22.312625519457146,77.96066166777419,,"{""type"":""MultiPoint"",""coordinates"":[]}"
A20230313_2100,2023-03-13,22.312625519457146,77.96066166777419,,"{""type"":""MultiPoint"",""coordinates"":[]}"
A20230314_0000,2023-03-14,22.312625519457146,77.96066166777419,,"{""type"":""MultiPoint"",""coordinates"":[]}"
A20230314_0300,2023-03-14,22.312625519457146,77.96066166777419,,"{""type"":""MultiPoint"",""coordinates"":[]}"
A20230314_0600,2023-03-14,22.312625519457146,77.96066166777419,,"{""type"":""MultiPoint"",""coordinates"":[]}"
A20230314_0900,2023-03-14,22.312625519457146,77.96066166777419,,"{""type"":""MultiPoint"",""coordinates"":[]}"
A20230314_1200,2023-03-14,22.312625519457146,77.96066166777419,,"{""type"":""MultiPoint"",""coordinates"":[]}"
A20230314_1500,2023-03-14,22.312625519457146,77.96066166777419,,"{""type"":""MultiPoint"",""coordinates"":[]}"
A20230314_1800,2023-03-14,22.312625519457146,77.96066166777419,,"{""type"":""MultiPoint"",""coordinates"":[]}"
A20230314_2100,2023-03-14,22.312625519457146,77.96066166777419,,"{""type"":""MultiPoint"",""coordinates"":[]}"
A20230315_0000,2023-03-15,22.312625519457146,77.96066166777419,,"{""type"":""MultiPoint"",""coordinates"":[]}"
A20230315_0300,2023-03-15,22.312625519457146,77.96066166777419,,"{""type"":""MultiPoint"",""coordinates"":[]}"
A20230315_0600,2023-03-15,22.312625519457146,77.96066166777419,,"{""type"":""MultiPoint"",""coordinates"":[]}"
A20230315_0900,2023-03-15,22.312625519457146,77.96066166777419,,"{""type"":""MultiPoint"",""coordinates"":[]}"
A20230315_1200,2023-03-15,22.312625519457146,77.96066166777419,,"{""type"":""MultiPoint"",""coordinates"":[]}"
A20230315_1500,2023-03-15,22.312625519457146,77.96066166777419,,"{""type"":""MultiPoint"",""coordinates"":[]}"
A20230315_1800,2023-03-15,22.312625519457146,77.96066166777419,,"{""type"":""MultiPoint"",""coordinates"":[]}"
A20230315_2100,2023-03-15,22.312625519457146,77.96066166777419,,"{""type"":""MultiPoint"",""coordinates"":[]}"
A20230316_0000,2023-03-16,22.312625519457146,77.96066166777419,,"{""type"":""MultiPoint"",""coordinates"":[]}"
A20230316_0300,2023-03-16,22.312625519457146,77.96066166777419,,"{""type"":""MultiPoint"",""coordinates"":[]}"
A20230316_0600,2023-03-16,22.312625519457146,77.96066166777419,,"{""type"":""MultiPoint"",""coordinates"":[]}"
A20230316_0900,2023-03-16,22.312625519457146,77.96066166777419,,"{""type"":""MultiPoint"",""coordinates"":[]}"
A20230316_1200,2023-03-16,22.312625519457146,77.96066166777419,,"{""type"":""MultiPoint"",""coordinates"":[]}"
A20230316_1500,2023-03-16,22.312625519457146,77.96066166777419,,"{""type"":""MultiPoint"",""coordinates"":[]}"
A20230316_1800,2023-03-16,22.312625519457146,77.96066166777419,,"{""type"":""MultiPoint"",""coordinates"":[]}"
A20230316_2100,2023-03-16,22.312625519457146,77.96066166777419,,"{""type"":""MultiPoint"",""coordinates"":[]}"
A20230317_0000,2023-03-17,22.312625519457146,77.96066166777419,,"{""type"":""MultiPoint"",""coordinates"":[]}"
A20230317_0300,2023-03-17,22.312625519457146,77.96066166777419,,"{""type"":""MultiPoint"",""coordinates"":[]}"
A20230317_0600,2023-03-17,22.312625519457146,77.96066166777419,,"{""type"":""MultiPoint"",""coordinates"":[]}"
A20230317_0900,2023-03-17,22.312625519457146,77.96066166777419,,"{""type"":""MultiPoint"",""coordinates"":[]}"
A20230317_1200,2023-03-17,22.312625519457146,77.96066166777419,,"{""type"":""MultiPoint"",""coordinates"":[]}"
A20230317_1500,2023-03-17,22.312625519457146,77.96066166777419,,"{""type"":""MultiPoint"",""coordinates"":[]}"
A20230317_1800,2023-03-17,22.312625519457146,77.96066166777419,,"{""type"":""MultiPoint"",""coordinates"":[]}"
A20230317_2100,2023-03-17,22.312625519457146,77.96066166777419,,"{""type"":""MultiPoint"",""coordinates"":[]}"
A20230318_0000,2023-03-18,22.312625519457146,77.96066166777419,,"{""type"":""MultiPoint"",""coordinates"":[]}"
A20230318_0300,2023-03-18,22.312625519457146,77.96066166777419,,"{""type"":""MultiPoint"",""coordinates"":[]}"
A20230318_0600,2023-03-18,22.312625519457146,77.96066166777419,,"{""type"":""MultiPoint"",""coordinates"":[]}"
A20230318_0900,2023-03-18,22.312625519457146,77.96066166777419,,"{""type"":""MultiPoint"",""coordinates"":[]}"
A20230318_1200,2023-03-18,22.312625519457146,77.96066166777419,,"{""type"":""MultiPoint"",""coordinates"":[]}"
A20230318_1500,2023-03-18,22.312625519457146,77.96066166777419,,"{""type"":""MultiPoint"",""coordinates"":[]}"
A20230318_1800,2023-03-18,22.312625519457146,77.96066166777419,,"{""type"":""MultiPoint"",""coordinates"":[]}"
A20230318_2100,2023-03-18,22.312625519457146,77.96066166777419,,"{""type"":""MultiPoint"",""coordinates"":[]}"
A20230319_0000,2023-03-19,22.312625519457146,77.96066166777419,,"{""type"":""MultiPoint"",""coordinates"":[]}"
A20230319_0300,2023-03-19,22.312625519457146,77.96066166777419,,"{""type"":""MultiPoint"",""coordinates"":[]}"
A20230319_0600,2023-03-19,22.312625519457146,77.96066166777419,,"{""type"":""MultiPoint"",""coordinates"":[]}"
A20230319_0900,2023-03-19,22.312625519457146,77.96066166777419,,"{""type"":""MultiPoint"",""coordinates"":[]}"
A20230319_1200,2023-03-19,22.312625519457146,77.96066166777419,,"{""type"":""MultiPoint"",""coordinates"":[]}"
A20230319_1500,2023-03-19,22.312625519457146,77.96066166777419,,"{""type"":""MultiPoint"",""coordinates"":[]}"
A20230319_1800,2023-03-19,22.312625519457146,77.96066166777419,,"{""type"":""MultiPoint"",""coordinates"":[]}"
A20230319_2100,2023-03-19,22.312625519457146,77.96066166777419,,"{""type"":""MultiPoint"",""coordinates"":[]}"
A20230320_0000,2023-03-20,22.312625519457146,77.96066166777419,,"{""type"":""MultiPoint"",""coordinates"":[]}"
A20230320_0300,2023-03-20,22.312625519457146,77.96066166777419,,"{""type"":""MultiPoint"",""coordinates"":[]}"
A20230320_0600,2023-03-20,22.312625519457146,77.96066166777419,,"{""type"":""MultiPoint"",""coordinates"":[]}"
A20230320_0900,2023-03-20,22.312625519457146,77.96066166777419,,"{""type"":""MultiPoint"",""coordinates"":[]}"
A20230320_1200,2023-03-20,22.312625519457146,77.96066166777419,,"{""type"":""MultiPoint"",""coordinates"":[]}"
A20230320_1500,2023-03-20,22.312625519457146,77.96066166777419,,"{""type"":""MultiPoint"",""coordinates"":[]}"
A20230320_1800,2023-03-20,22.312625519457146,77.96066166777419,,"{""type"":""MultiPoint"",""coordinates"":[]}"
A20230320_2100,2023-03-20,22.312625519457146,77.96066166777419,,"{""type"":""MultiPoint"",""coordinates"":[]}"
A20230321_0000,2023-03-21,22.312625519457146,77.96066166777419,,"{""type"":""MultiPoint"",""coordinates"":[]}"
A20230321_0300,2023-03-21,22.312625519457146,77.96066166777419,,"{""type"":""MultiPoint"",""coordinates"":[]}"
A20230321_0600,2023-03-21,22.312625519457146,77.96066166777419,,"{""type"":""MultiPoint"",""coordinates"":[]}"
A20230321_0900,2023-03-21,22.312625519457146,77.96066166777419,,"{""type"":""MultiPoint"",""coordinates"":[]}"
A20230321_1200,2023-03-21,22.312625519457146,77.96066166777419,,"{""type"":""MultiPoint"",""coordinates"":[]}"
A20230321_1500,2023-03-21,22.312625519457146,77.96066166777419,,"{""type"":""MultiPoint"",""coordinates"":[]}"
A20230321_1800,2023-03-21,22.312625519457146,77.96066166777419,,"{""type"":""MultiPoint"",""coordinates"":[]}"
A20230321_2100,2023-03-21,22.312625519457146,77.96066166777419,,"{""type"":""MultiPoint"",""coordinates"":[]}"
A20230322_0000,2023-03-22,22.312625519457146,77.96066166777419,,"{""type"":""MultiPoint"",""coordinates"":[]}"
A20230322_0300,2023-03-22,22.312625519457146,77.96066166777419,,"{""type"":""MultiPoint"",""coordinates"":[]}"
A20230322_0600,2023-03-22,22.312625519457146,77.96066166777419,,"{""type"":""MultiPoint"",""coordinates"":[]}"
A20230322_0900,2023-03-22,22.312625519457146,77.96066166777419,,"{""type"":""MultiPoint"",""coordinates"":[]}"
A20230322_1200,2023-03-22,22.312625519457146,77.96066166777419,,"{""type"":""MultiPoint"",""coordinates"":[]}"
A20230322_1500,2023-03-22,22.312625519457146,77.96066166777419,,"{""type"":""MultiPoint"",""coordinates"":[]}"
A20230322_1800,2023-03-22,22.312625519457146,77.96066166777419,,"{""type"":""MultiPoint"",""coordinates"":[]}"
A20230322_2100,2023-03-22,22.312625519457146,77.96066166777419,,"{""type"":""MultiPoint"",""coordinates"":[]}"
A20230323_0000,2023-03-23,22.312625519457146,77.96066166777419,,"{""type"":""MultiPoint"",""coordinates"":[]}"
A20230323_0300,2023-03-23,22.312625519457146,77.96066166777419,,"{""type"":""MultiPoint"",""coordinates"":[]}"
A20230323_0600,2023-03-23,22.312625519457146,77.96066166777419,,"{""type"":""MultiPoint"",""coordinates"":[]}"
A20230323_0900,2023-03-23,22.312625519457146,77.96066166777419,,"{""type"":""MultiPoint"",""coordinates"":[]}"
A20230323_1200,2023-03-23,22.312625519457146,77.96066166777419,,"{""type"":""MultiPoint"",""coordinates"":[]}"
A20230323_1500,2023-03-23,22.312625519457146,77.96066166777419,,"{""type"":""MultiPoint"",""coordinates"":[]}"
A20230323_1800,2023-03-23,22.312625519457146,77.96066166777419,,"{""type"":""MultiPoint"",""coordinates"":[]}"
A20230323_2100,2023-03-23,22.312625519457146,77.96066166777419,,"{""type"":""MultiPoint"",""coordinates"":[]}"
A20230324_0000,2023-03-24,22.312625519457146,77.96066166777419,,"{""type"":""MultiPoint"",""coordinates"":[]}"
A20230324_0300,2023-03-24,22.312625519457146,77.96066166777419,,"{""type"":""MultiPoint"",""coordinates"":[]}"
A20230324_0600,2023-03-24,22.312625519457146,77.96066166777419,,"{""type"":""MultiPoint"",""coordinates"":[]}"
A20230324_0900,2023-03-24,22.312625519457146,77.96066166777419,,"{""type"":""MultiPoint"",""coordinates"":[]}"
A20230324_1200,2023-03-24,22.312625519457146,77.96066166777419,,"{""type"":""MultiPoint"",""coordinates"":[]}"
A20230324_1500,2023-03-24,22.312625519457146,77.96066166777419,,"{""type"":""MultiPoint"",""coordinates"":[]}"
A20230324_1800,2023-03-24,22.312625519457146,77.96066166777419,,"{""type"":""MultiPoint"",""coordinates"":[]}"
A20230324_2100,2023-03-24,22.312625519457146,77.96066166777419,,"{""type"":""MultiPoint"",""coordinates"":[]}"
A20230325_0000,2023-03-25,22.312625519457146,77.96066166777419,,"{""type"":""MultiPoint"",""coordinates"":[]}"
A20230325_0300,2023-03-25,22.312625519457146,77.96066166777419,,"{""type"":""MultiPoint"",""coordinates"":[]}"
A20230325_0600,2023-03-25,22.312625519457146,77.96066166777419,,"{""type"":""MultiPoint"",""coordinates"":[]}"
A20230325_0900,2023-03-25,22.312625519457146,77.96066166777419,,"{""type"":""MultiPoint"",""coordinates"":[]}"
A20230325_1200,2023-03-25,22.312625519457146,77.96066166777419,,"{""type"":""MultiPoint"",""coordinates"":[]}"
A20230325_1500,2023-03-25,22.312625519457146,77.96066166777419,,"{""type"":""MultiPoint"",""coordinates"":[]}"
A20230325_1800,2023-03-25,22.312625519457146,77.96066166777419,,"{""type"":""MultiPoint"",""coordinates"":[]}"
A20230325_2100,2023-03-25,22.312625519457146,77.96066166777419,,"{""type"":""MultiPoint"",""coordinates"":[]}"
A20230326_0000,2023-03-26,22.312625519457146,77.96066166777419,,"{""type"":""MultiPoint"",""coordinates"":[]}"
A20230326_0300,2023-03-26,22.312625519457146,77.96066166777419,,"{""type"":""MultiPoint"",""coordinates"":[]}"
A20230326_0600,2023-03-26,22.312625519457146,77.96066166777419,,"{""type"":""MultiPoint"",""coordinates"":[]}"
A20230326_0900,2023-03-26,22.312625519457146,77.96066166777419,,"{""type"":""MultiPoint"",""coordinates"":[]}"
A20230326_1200,2023-03-26,22.312625519457146,77.96066166777419,,"{""type"":""MultiPoint"",""coordinates"":[]}"
A20230326_1500,2023-03-26,22.312625519457146,77.96066166777419,,"{""type"":""MultiPoint"",""coordinates"":[]}"
A20230326_1800,2023-03-26,22.312625519457146,77.96066166777419,,"{""type"":""MultiPoint"",""coordinates"":[]}"
A20230326_2100,2023-03-26,22.312625519457146,77.96066166777419,,"{""type"":""MultiPoint"",""coordinates"":[]}"
A20230327_0000,2023-03-27,22.312625519457146,77.96066166777419,,"{""type"":""MultiPoint"",""coordinates"":[]}"
A20230327_0300,2023-03-27,22.312625519457146,77.96066166777419,,"{""type"":""MultiPoint"",""coordinates"":[]}"
A20230327_0600,2023-03-27,22.312625519457146,77.96066166777419,,"{""type"":""MultiPoint"",""coordinates"":[]}"
A20230327_0900,2023-03-27,22.312625519457146,77.96066166777419,,"{""type"":""MultiPoint"",""coordinates"":[]}"
A20230327_1200,2023-03-27,22.312625519457146,77.96066166777419,,"{""type"":""MultiPoint"",""coordinates"":[]}"
A20230327_1500,2023-03-27,22.312625519457146,77.96066166777419,,"{""type"":""MultiPoint"",""coordinates"":[]}"
A20230327_1800,2023-03-27,22.312625519457146,77.96066166777419,,"{""type"":""MultiPoint"",""coordinates"":[]}"
A20230327_2100,2023-03-27,22.312625519457146,77.96066166777419,,"{""type"":""MultiPoint"",""coordinates"":[]}"
A20230328_0000,2023-03-28,22.312625519457146,77.96066166777419,,"{""type"":""MultiPoint"",""coordinates"":[]}"
A20230328_0300,2023-03-28,22.312625519457146,77.96066166777419,,"{""type"":""MultiPoint"",""coordinates"":[]}"
A20230328_0600,2023-03-28,22.312625519457146,77.96066166777419,,"{""type"":""MultiPoint"",""coordinates"":[]}"
A20230328_0900,2023-03-28,22.312625519457146,77.96066166777419,,"{""type"":""MultiPoint"",""coordinates"":[]}"
A20230328_1200,2023-03-28,22.312625519457146,77.96066166777419,,"{""type"":""MultiPoint"",""coordinates"":[]}"
A20230328_1500,2023-03-28,22.312625519457146,77.96066166777419,,"{""type"":""MultiPoint"",""coordinates"":[]}"
A20230328_1800,2023-03-28,22.312625519457146,77.96066166777419,,"{""type"":""MultiPoint"",""coordinates"":[]}"
A20230328_2100,2023-03-28,22.312625519457146,77.96066166777419,,"{""type"":""MultiPoint"",""coordinates"":[]}"
A20230329_0000,2023-03-29,22.312625519457146,77.96066166777419,,"{""type"":""MultiPoint"",""coordinates"":[]}"
A20230329_0300,2023-03-29,22.312625519457146,77.96066166777419,,"{""type"":""MultiPoint"",""coordinates"":[]}"
A20230329_0600,2023-03-29,22.312625519457146,77.96066166777419,,"{""type"":""MultiPoint"",""coordinates"":[]}"
A20230329_0900,2023-03-29,22.312625519457146,77.96066166777419,,"{""type"":""MultiPoint"",""coordinates"":[]}"
A20230329_1200,2023-03-29,22.312625519457146,77.96066166777419,,"{""type"":""MultiPoint"",""coordinates"":[]}"
A20230329_1500,2023-03-29,22.312625519457146,77.96066166777419,,"{""type"":""MultiPoint"",""coordinates"":[]}"
A20230329_1800,2023-03-29,22.312625519457146,77.96066166777419,,"{""type"":""MultiPoint"",""coordinates"":[]}"
A20230329_2100,2023-03-29,22.312625519457146,77.96066166777419,,"{""type"":""MultiPoint"",""coordinates"":[]}"
A20230330_0000,2023-03-30,22.312625519457146,77.96066166777419,,"{""type"":""MultiPoint"",""coordinates"":[]}"
A20230330_0300,2023-03-30,22.312625519457146,77.96066166777419,,"{""type"":""MultiPoint"",""coordinates"":[]}"
A20230330_0600,2023-03-30,22.312625519457146,77.96066166777419,,"{""type"":""MultiPoint"",""coordinates"":[]}"
A20230330_0900,2023-03-30,22.312625519457146,77.96066166777419,,"{""type"":""MultiPoint"",""coordinates"":[]}"
A20230330_1200,2023-03-30,22.312625519457146,77.96066166777419,,"{""type"":""MultiPoint"",""coordinates"":[]}"
A20230330_1500,2023-03-30,22.312625519457146,77.96066166777419,,"{""type"":""MultiPoint"",""coordinates"":[]}"
A20230330_1800,2023-03-30,22.312625519457146,77.96066166777419,,"{""type"":""MultiPoint"",""coordinates"":[]}"
A20230330_2100,2023-03-30,22.312625519457146,77.96066166777419,,"{""type"":""MultiPoint"",""coordinates"":[]}"
A20230331_0000,2023-03-31,22.312625519457146,77.96066166777419,,"{""type"":""MultiPoint"",""coordinates"":[]}"
A20230331_0300,2023-03-31,22.312625519457146,77.96066166777419,,"{""type"":""MultiPoint"",""coordinates"":[]}"
A20230331_0600,2023-03-31,22.312625519457146,77.96066166777419,,"{""type"":""MultiPoint"",""coordinates"":[]}"
A20230331_0900,2023-03-31,22.312625519457146,77.96066166777419,,"{""type"":""MultiPoint"",""coordinates"":[]}"
A20230331_1200,2023-03-31,22.312625519457146,77.96066166777419,,"{""type"":""MultiPoint"",""coordinates"":[]}"
A20230331_1500,2023-03-31,22.312625519457146,77.96066166777419,,"{""type"":""MultiPoint"",""coordinates"":[]}"
A20230331_1800,2023-03-31,22.312625519457146,77.96066166777419,,"{""type"":""MultiPoint"",""coordinates"":[]}"
A20230331_2100,2023-03-31,22.312625519457146,77.96066166777419,,"{""type"":""MultiPoint"",""coordinates"":[]}"
